Order ID,Ticket ID,Event Name,Date,Section,Row,Seat,Location,
625617615,b8b52bcc-c08f-4745-93f7-1280f5ff9014,Live Between The Hedges,Apr 25 2026 • 12:00 AM,130,58,14,Sanford Stadium,"    { ""id"": ""b8b52bcc-c08f-4745-93f7-1280f5ff9014"", ""event"": ""Live Between The Hedges"", ""date"": ""Apr 25 2026 • 12:00 AM"", ""sec"": ""130"", ""row"": ""58"", ""seat"": ""14"", ""loc"": ""Sanford Stadium"", ""type"": ""Standard Admission"" },"
625617615,b8b52bcc-c08f-4745-93f7-1280f5ff9015,Live Between The Hedges,Apr 25 2026 • 12:00 AM,130,58,15,Sanford Stadium,"    { ""id"": ""b8b52bcc-c08f-4745-93f7-1280f5ff9015"", ""event"": ""Live Between The Hedges"", ""date"": ""Apr 25 2026 • 12:00 AM"", ""sec"": ""130"", ""row"": ""58"", ""seat"": ""15"", ""loc"": ""Sanford Stadium"", ""type"": ""Standard Admission"" },"
625617615,b8b52bcc-c08f-4745-93f7-1280f5ff9016,Live Between The Hedges,Apr 25 2026 • 12:00 AM,130,58,16,Sanford Stadium,"    { ""id"": ""b8b52bcc-c08f-4745-93f7-1280f5ff9016"", ""event"": ""Live Between The Hedges"", ""date"": ""Apr 25 2026 • 12:00 AM"", ""sec"": ""130"", ""row"": ""58"", ""seat"": ""16"", ""loc"": ""Sanford Stadium"", ""type"": ""Standard Admission"" },"
625617615,b8b52bcc-c08f-4745-93f7-1280f5ff9017,Live Between The Hedges,Apr 25 2026 • 12:00 AM,130,58,17,Sanford Stadium,"    { ""id"": ""b8b52bcc-c08f-4745-93f7-1280f5ff9017"", ""event"": ""Live Between The Hedges"", ""date"": ""Apr 25 2026 • 12:00 AM"", ""sec"": ""130"", ""row"": ""58"", ""seat"": ""17"", ""loc"": ""Sanford Stadium"", ""type"": ""Standard Admission"" },"
ED9ALCWX78,7cf308cd-5226-4c9b-84c7-7d844778519a11,Live Between The Hedges,Apr 25 2026 • 12:00 AM,330,21,11,Sanford Stadium,"    { ""id"": ""7cf308cd-5226-4c9b-84c7-7d844778519a11"", ""event"": ""Live Between The Hedges"", ""date"": ""Apr 25 2026 • 12:00 AM"", ""sec"": ""330"", ""row"": ""21"", ""seat"": ""11"", ""loc"": ""Sanford Stadium"", ""type"": ""Standard Admission"" },"
ED9ALCWX78,7cf308cd-5226-4c9b-84c7-7d844778519a12,Live Between The Hedges,Apr 25 2026 • 12:00 AM,330,21,12,Sanford Stadium,"    { ""id"": ""7cf308cd-5226-4c9b-84c7-7d844778519a12"", ""event"": ""Live Between The Hedges"", ""date"": ""Apr 25 2026 • 12:00 AM"", ""sec"": ""330"", ""row"": ""21"", ""seat"": ""12"", ""loc"": ""Sanford Stadium"", ""type"": ""Standard Admission"" },"
2k60tdyoxpq,d38b78a8-7177-4d41-a30f-9375d869a1d18,Live Between The Hedges,Apr 25 2026 • 12:00 AM,109,57,18,Sanford Stadium,"    { ""id"": ""d38b78a8-7177-4d41-a30f-9375d869a1d18"", ""event"": ""Live Between The Hedges"", ""date"": ""Apr 25 2026 • 12:00 AM"", ""sec"": ""109"", ""row"": ""57"", ""seat"": ""18"", ""loc"": ""Sanford Stadium"", ""type"": ""Standard Admission"" },"
2k60tdyoxpq,d38b78a8-7177-4d41-a30f-9375d869a1d19,Live Between The Hedges,Apr 25 2026 • 12:00 AM,109,57,19,Sanford Stadium,"    { ""id"": ""d38b78a8-7177-4d41-a30f-9375d869a1d19"", ""event"": ""Live Between The Hedges"", ""date"": ""Apr 25 2026 • 12:00 AM"", ""sec"": ""109"", ""row"": ""57"", ""seat"": ""19"", ""loc"": ""Sanford Stadium"", ""type"": ""Standard Admission"" },"
36nxa8ov3p6,acb4b0ab-6aa2-4d27-859a-d840ec5093122,Live Between The Hedges,Apr 25 2026 • 12:00 AM,323,15,22,Sanford Stadium,"    { ""id"": ""acb4b0ab-6aa2-4d27-859a-d840ec5093122"", ""event"": ""Live Between The Hedges"", ""date"": ""Apr 25 2026 • 12:00 AM"", ""sec"": ""323"", ""row"": ""15"", ""seat"": ""22"", ""loc"": ""Sanford Stadium"", ""type"": ""Standard Admission"" },"
36nxa8ov3p6,acb4b0ab-6aa2-4d27-859a-d840ec5093123,Live Between The Hedges,Apr 25 2026 • 12:00 AM,323,15,23,Sanford Stadium,"    { ""id"": ""acb4b0ab-6aa2-4d27-859a-d840ec5093123"", ""event"": ""Live Between The Hedges"", ""date"": ""Apr 25 2026 • 12:00 AM"", ""sec"": ""323"", ""row"": ""15"", ""seat"": ""23"", ""loc"": ""Sanford Stadium"", ""type"": ""Standard Admission"" },"
36nxa8ov3p6,acb4b0ab-6aa2-4d27-859a-d840ec5093124,Live Between The Hedges,Apr 25 2026 • 12:00 AM,323,15,24,Sanford Stadium,"    { ""id"": ""acb4b0ab-6aa2-4d27-859a-d840ec5093124"", ""event"": ""Live Between The Hedges"", ""date"": ""Apr 25 2026 • 12:00 AM"", ""sec"": ""323"", ""row"": ""15"", ""seat"": ""24"", ""loc"": ""Sanford Stadium"", ""type"": ""Standard Admission"" },"
36nxa8ov3p6,acb4b0ab-6aa2-4d27-859a-d840ec5093125,Live Between The Hedges,Apr 25 2026 • 12:00 AM,323,15,25,Sanford Stadium,"    { ""id"": ""acb4b0ab-6aa2-4d27-859a-d840ec5093125"", ""event"": ""Live Between The Hedges"", ""date"": ""Apr 25 2026 • 12:00 AM"", ""sec"": ""323"", ""row"": ""15"", ""seat"": ""25"", ""loc"": ""Sanford Stadium"", ""type"": ""Standard Admission"" },"
36nxa8ov3p6,acb4b0ab-6aa2-4d27-859a-d840ec5093126,Live Between The Hedges,Apr 25 2026 • 12:00 AM,323,15,26,Sanford Stadium,"    { ""id"": ""acb4b0ab-6aa2-4d27-859a-d840ec5093126"", ""event"": ""Live Between The Hedges"", ""date"": ""Apr 25 2026 • 12:00 AM"", ""sec"": ""323"", ""row"": ""15"", ""seat"": ""26"", ""loc"": ""Sanford Stadium"", ""type"": ""Standard Admission"" },"
76027825,fe4af826-7ebd-40f2-8237-70b84f62d7ed5,Live Between The Hedges,Apr 25 2026 • 12:00 AM,316,15,5,Sanford Stadium,"    { ""id"": ""fe4af826-7ebd-40f2-8237-70b84f62d7ed5"", ""event"": ""Live Between The Hedges"", ""date"": ""Apr 25 2026 • 12:00 AM"", ""sec"": ""316"", ""row"": ""15"", ""seat"": ""5"", ""loc"": ""Sanford Stadium"", ""type"": ""Standard Admission"" },"
76027825,fe4af826-7ebd-40f2-8237-70b84f62d7ed6,Live Between The Hedges,Apr 25 2026 • 12:00 AM,316,15,6,Sanford Stadium,"    { ""id"": ""fe4af826-7ebd-40f2-8237-70b84f62d7ed6"", ""event"": ""Live Between The Hedges"", ""date"": ""Apr 25 2026 • 12:00 AM"", ""sec"": ""316"", ""row"": ""15"", ""seat"": ""6"", ""loc"": ""Sanford Stadium"", ""type"": ""Standard Admission"" },"
2308431,J21,Live Between The Hedges,Apr 25 2026 • 12:00 AM,307,24,21,Sanford Stadium,"    { ""id"": ""J21"", ""event"": ""Live Between The Hedges"", ""date"": ""Apr 25 2026 • 12:00 AM"", ""sec"": ""307"", ""row"": ""24"", ""seat"": ""21"", ""loc"": ""Sanford Stadium"", ""type"": ""Standard Admission"" },"
2308431,J22,Live Between The Hedges,Apr 25 2026 • 12:00 AM,307,24,22,Sanford Stadium,"    { ""id"": ""J22"", ""event"": ""Live Between The Hedges"", ""date"": ""Apr 25 2026 • 12:00 AM"", ""sec"": ""307"", ""row"": ""24"", ""seat"": ""22"", ""loc"": ""Sanford Stadium"", ""type"": ""Standard Admission"" },"
2308431,J23,Live Between The Hedges,Apr 25 2026 • 12:00 AM,307,24,23,Sanford Stadium,"    { ""id"": ""J23"", ""event"": ""Live Between The Hedges"", ""date"": ""Apr 25 2026 • 12:00 AM"", ""sec"": ""307"", ""row"": ""24"", ""seat"": ""23"", ""loc"": ""Sanford Stadium"", ""type"": ""Standard Admission"" },"
2308431,J24,Live Between The Hedges,Apr 25 2026 • 12:00 AM,307,24,24,Sanford Stadium,"    { ""id"": ""J24"", ""event"": ""Live Between The Hedges"", ""date"": ""Apr 25 2026 • 12:00 AM"", ""sec"": ""307"", ""row"": ""24"", ""seat"": ""24"", ""loc"": ""Sanford Stadium"", ""type"": ""Standard Admission"" },"
ORD-S1ZKLDSSZ0,S13,Live Between The Hedges,Apr 25 2026 • 12:00 AM,307,23,13,Sanford Stadium,"    { ""id"": ""S13"", ""event"": ""Live Between The Hedges"", ""date"": ""Apr 25 2026 • 12:00 AM"", ""sec"": ""307"", ""row"": ""23"", ""seat"": ""13"", ""loc"": ""Sanford Stadium"", ""type"": ""Standard Admission"" },"
ORD-S1ZKLDSSZ0,S14,Live Between The Hedges,Apr 25 2026 • 12:00 AM,307,23,14,Sanford Stadium,"    { ""id"": ""S14"", ""event"": ""Live Between The Hedges"", ""date"": ""Apr 25 2026 • 12:00 AM"", ""sec"": ""307"", ""row"": ""23"", ""seat"": ""14"", ""loc"": ""Sanford Stadium"", ""type"": ""Standard Admission"" },"
76027621,15b0cfbd-73d8-46e5-931e-453078e2f4026,Live Between The Hedges,Apr 25 2026 • 12:00 AM,327,15,26,Sanford Stadium,"    { ""id"": ""15b0cfbd-73d8-46e5-931e-453078e2f4026"", ""event"": ""Live Between The Hedges"", ""date"": ""Apr 25 2026 • 12:00 AM"", ""sec"": ""327"", ""row"": ""15"", ""seat"": ""26"", ""loc"": ""Sanford Stadium"", ""type"": ""Standard Admission"" },"
76027621,15b0cfbd-73d8-46e5-931e-453078e2f4027,Live Between The Hedges,Apr 25 2026 • 12:00 AM,327,15,27,Sanford Stadium,"    { ""id"": ""15b0cfbd-73d8-46e5-931e-453078e2f4027"", ""event"": ""Live Between The Hedges"", ""date"": ""Apr 25 2026 • 12:00 AM"", ""sec"": ""327"", ""row"": ""15"", ""seat"": ""27"", ""loc"": ""Sanford Stadium"", ""type"": ""Standard Admission"" },"
75968861,df1699b8-ee5e-4031-9e33-c2318f7fadde9,Live Between The Hedges,Apr 25 2026 • 12:00 AM,325,13,9,Sanford Stadium,"    { ""id"": ""df1699b8-ee5e-4031-9e33-c2318f7fadde9"", ""event"": ""Live Between The Hedges"", ""date"": ""Apr 25 2026 • 12:00 AM"", ""sec"": ""325"", ""row"": ""13"", ""seat"": ""9"", ""loc"": ""Sanford Stadium"", ""type"": ""Standard Admission"" },"
75968861,df1699b8-ee5e-4031-9e33-c2318f7fadde10,Live Between The Hedges,Apr 25 2026 • 12:00 AM,325,13,10,Sanford Stadium,"    { ""id"": ""df1699b8-ee5e-4031-9e33-c2318f7fadde10"", ""event"": ""Live Between The Hedges"", ""date"": ""Apr 25 2026 • 12:00 AM"", ""sec"": ""325"", ""row"": ""13"", ""seat"": ""10"", ""loc"": ""Sanford Stadium"", ""type"": ""Standard Admission"" },"
75968861,df1699b8-ee5e-4031-9e33-c2318f7fadde11,Live Between The Hedges,Apr 25 2026 • 12:00 AM,325,13,11,Sanford Stadium,"    { ""id"": ""df1699b8-ee5e-4031-9e33-c2318f7fadde11"", ""event"": ""Live Between The Hedges"", ""date"": ""Apr 25 2026 • 12:00 AM"", ""sec"": ""325"", ""row"": ""13"", ""seat"": ""11"", ""loc"": ""Sanford Stadium"", ""type"": ""Standard Admission"" },"
75968861,df1699b8-ee5e-4031-9e33-c2318f7fadde12,Live Between The Hedges,Apr 25 2026 • 12:00 AM,325,13,12,Sanford Stadium,"    { ""id"": ""df1699b8-ee5e-4031-9e33-c2318f7fadde12"", ""event"": ""Live Between The Hedges"", ""date"": ""Apr 25 2026 • 12:00 AM"", ""sec"": ""325"", ""row"": ""13"", ""seat"": ""12"", ""loc"": ""Sanford Stadium"", ""type"": ""Standard Admission"" },"
75968861,df1699b8-ee5e-4031-9e33-c2318f7fadde13,Live Between The Hedges,Apr 25 2026 • 12:00 AM,325,13,13,Sanford Stadium,"    { ""id"": ""df1699b8-ee5e-4031-9e33-c2318f7fadde13"", ""event"": ""Live Between The Hedges"", ""date"": ""Apr 25 2026 • 12:00 AM"", ""sec"": ""325"", ""row"": ""13"", ""seat"": ""13"", ""loc"": ""Sanford Stadium"", ""type"": ""Standard Admission"" },"
75957856,86c47f20-794d-4895-af66-d03ae582c47f14,Live Between The Hedges,Apr 25 2026 • 12:00 AM,110,58,14,Sanford Stadium,"    { ""id"": ""86c47f20-794d-4895-af66-d03ae582c47f14"", ""event"": ""Live Between The Hedges"", ""date"": ""Apr 25 2026 • 12:00 AM"", ""sec"": ""110"", ""row"": ""58"", ""seat"": ""14"", ""loc"": ""Sanford Stadium"", ""type"": ""Standard Admission"" },"
75957856,86c47f20-794d-4895-af66-d03ae582c47f15,Live Between The Hedges,Apr 25 2026 • 12:00 AM,110,58,15,Sanford Stadium,"    { ""id"": ""86c47f20-794d-4895-af66-d03ae582c47f15"", ""event"": ""Live Between The Hedges"", ""date"": ""Apr 25 2026 • 12:00 AM"", ""sec"": ""110"", ""row"": ""58"", ""seat"": ""15"", ""loc"": ""Sanford Stadium"", ""type"": ""Standard Admission"" },"
76275223,c2696cba-2424-486b-9e5a-ac5e940c25ad3,Live Between The Hedges,Apr 25 2026 • 12:00 AM,326,23,3,Sanford Stadium,"    { ""id"": ""c2696cba-2424-486b-9e5a-ac5e940c25ad3"", ""event"": ""Live Between The Hedges"", ""date"": ""Apr 25 2026 • 12:00 AM"", ""sec"": ""326"", ""row"": ""23"", ""seat"": ""3"", ""loc"": ""Sanford Stadium"", ""type"": ""Standard Admission"" },"
76275223,c2696cba-2424-486b-9e5a-ac5e940c25ad4,Live Between The Hedges,Apr 25 2026 • 12:00 AM,326,23,4,Sanford Stadium,"    { ""id"": ""c2696cba-2424-486b-9e5a-ac5e940c25ad4"", ""event"": ""Live Between The Hedges"", ""date"": ""Apr 25 2026 • 12:00 AM"", ""sec"": ""326"", ""row"": ""23"", ""seat"": ""4"", ""loc"": ""Sanford Stadium"", ""type"": ""Standard Admission"" },"
75983324,a2d17ef9-1ad8-4cbb-9a9e-9ad411f6cded26,Live Between The Hedges,Apr 25 2026 • 12:00 AM,330,19,26,Sanford Stadium,"    { ""id"": ""a2d17ef9-1ad8-4cbb-9a9e-9ad411f6cded26"", ""event"": ""Live Between The Hedges"", ""date"": ""Apr 25 2026 • 12:00 AM"", ""sec"": ""330"", ""row"": ""19"", ""seat"": ""26"", ""loc"": ""Sanford Stadium"", ""type"": ""Standard Admission"" },"
75983324,a2d17ef9-1ad8-4cbb-9a9e-9ad411f6cded27,Live Between The Hedges,Apr 25 2026 • 12:00 AM,330,19,27,Sanford Stadium,"    { ""id"": ""a2d17ef9-1ad8-4cbb-9a9e-9ad411f6cded27"", ""event"": ""Live Between The Hedges"", ""date"": ""Apr 25 2026 • 12:00 AM"", ""sec"": ""330"", ""row"": ""19"", ""seat"": ""27"", ""loc"": ""Sanford Stadium"", ""type"": ""Standard Admission"" },"
76545722,fb242bf5-9d91-4bef-9eeb-46c68035c9fc15,Live Between The Hedges,Apr 25 2026 • 12:00 AM,326,15,15,Sanford Stadium,"    { ""id"": ""fb242bf5-9d91-4bef-9eeb-46c68035c9fc15"", ""event"": ""Live Between The Hedges"", ""date"": ""Apr 25 2026 • 12:00 AM"", ""sec"": ""326"", ""row"": ""15"", ""seat"": ""15"", ""loc"": ""Sanford Stadium"", ""type"": ""Standard Admission"" },"
76545722,fb242bf5-9d91-4bef-9eeb-46c68035c9fc16,Live Between The Hedges,Apr 25 2026 • 12:00 AM,326,15,16,Sanford Stadium,"    { ""id"": ""fb242bf5-9d91-4bef-9eeb-46c68035c9fc16"", ""event"": ""Live Between The Hedges"", ""date"": ""Apr 25 2026 • 12:00 AM"", ""sec"": ""326"", ""row"": ""15"", ""seat"": ""16"", ""loc"": ""Sanford Stadium"", ""type"": ""Standard Admission"" },"
76545722,fb242bf5-9d91-4bef-9eeb-46c68035c9fc17,Live Between The Hedges,Apr 25 2026 • 12:00 AM,326,15,17,Sanford Stadium,"    { ""id"": ""fb242bf5-9d91-4bef-9eeb-46c68035c9fc17"", ""event"": ""Live Between The Hedges"", ""date"": ""Apr 25 2026 • 12:00 AM"", ""sec"": ""326"", ""row"": ""15"", ""seat"": ""17"", ""loc"": ""Sanford Stadium"", ""type"": ""Standard Admission"" },"
76545722,fb242bf5-9d91-4bef-9eeb-46c68035c9fc18,Live Between The Hedges,Apr 25 2026 • 12:00 AM,326,15,18,Sanford Stadium,"    { ""id"": ""fb242bf5-9d91-4bef-9eeb-46c68035c9fc18"", ""event"": ""Live Between The Hedges"", ""date"": ""Apr 25 2026 • 12:00 AM"", ""sec"": ""326"", ""row"": ""15"", ""seat"": ""18"", ""loc"": ""Sanford Stadium"", ""type"": ""Standard Admission"" },"
76545722,fb242bf5-9d91-4bef-9eeb-46c68035c9fc19,Live Between The Hedges,Apr 25 2026 • 12:00 AM,326,15,19,Sanford Stadium,"    { ""id"": ""fb242bf5-9d91-4bef-9eeb-46c68035c9fc19"", ""event"": ""Live Between The Hedges"", ""date"": ""Apr 25 2026 • 12:00 AM"", ""sec"": ""326"", ""row"": ""15"", ""seat"": ""19"", ""loc"": ""Sanford Stadium"", ""type"": ""Standard Admission"" },"
76545722,fb242bf5-9d91-4bef-9eeb-46c68035c9fc20,Live Between The Hedges,Apr 25 2026 • 12:00 AM,326,15,20,Sanford Stadium,"    { ""id"": ""fb242bf5-9d91-4bef-9eeb-46c68035c9fc20"", ""event"": ""Live Between The Hedges"", ""date"": ""Apr 25 2026 • 12:00 AM"", ""sec"": ""326"", ""row"": ""15"", ""seat"": ""20"", ""loc"": ""Sanford Stadium"", ""type"": ""Standard Admission"" },"
76548675,9972893a-792a-4e50-a389-6150b050468a28,Live Between The Hedges,Apr 25 2026 • 12:00 AM,323,13,28,Sanford Stadium,"    { ""id"": ""9972893a-792a-4e50-a389-6150b050468a28"", ""event"": ""Live Between The Hedges"", ""date"": ""Apr 25 2026 • 12:00 AM"", ""sec"": ""323"", ""row"": ""13"", ""seat"": ""28"", ""loc"": ""Sanford Stadium"", ""type"": ""Standard Admission"" },"
76548675,9972893a-792a-4e50-a389-6150b050468a29,Live Between The Hedges,Apr 25 2026 • 12:00 AM,323,13,29,Sanford Stadium,"    { ""id"": ""9972893a-792a-4e50-a389-6150b050468a29"", ""event"": ""Live Between The Hedges"", ""date"": ""Apr 25 2026 • 12:00 AM"", ""sec"": ""323"", ""row"": ""13"", ""seat"": ""29"", ""loc"": ""Sanford Stadium"", ""type"": ""Standard Admission"" },"
75944832,ad2bc99b-5fb8-450b-bf20-a8e3929ae55e15,Live Between The Hedges,Apr 25 2026 • 12:00 AM,109,54,15,Sanford Stadium,"    { ""id"": ""ad2bc99b-5fb8-450b-bf20-a8e3929ae55e15"", ""event"": ""Live Between The Hedges"", ""date"": ""Apr 25 2026 • 12:00 AM"", ""sec"": ""109"", ""row"": ""54"", ""seat"": ""15"", ""loc"": ""Sanford Stadium"", ""type"": ""Standard Admission"" },"
75944832,ad2bc99b-5fb8-450b-bf20-a8e3929ae55e16,Live Between The Hedges,Apr 25 2026 • 12:00 AM,109,54,16,Sanford Stadium,"    { ""id"": ""ad2bc99b-5fb8-450b-bf20-a8e3929ae55e16"", ""event"": ""Live Between The Hedges"", ""date"": ""Apr 25 2026 • 12:00 AM"", ""sec"": ""109"", ""row"": ""54"", ""seat"": ""16"", ""loc"": ""Sanford Stadium"", ""type"": ""Standard Admission"" },"
76335168,f6c92bfd-47ed-498e-93f4-c4409100f6dc27,Live Between The Hedges,Apr 25 2026 • 12:00 AM,317,23,27,Sanford Stadium,"    { ""id"": ""f6c92bfd-47ed-498e-93f4-c4409100f6dc27"", ""event"": ""Live Between The Hedges"", ""date"": ""Apr 25 2026 • 12:00 AM"", ""sec"": ""317"", ""row"": ""23"", ""seat"": ""27"", ""loc"": ""Sanford Stadium"", ""type"": ""Standard Admission"" },"
76335168,f6c92bfd-47ed-498e-93f4-c4409100f6dc28,Live Between The Hedges,Apr 25 2026 • 12:00 AM,317,23,28,Sanford Stadium,"    { ""id"": ""f6c92bfd-47ed-498e-93f4-c4409100f6dc28"", ""event"": ""Live Between The Hedges"", ""date"": ""Apr 25 2026 • 12:00 AM"", ""sec"": ""317"", ""row"": ""23"", ""seat"": ""28"", ""loc"": ""Sanford Stadium"", ""type"": ""Standard Admission"" },"
75937788,f8dfab85-660a-4bc4-a050-3714de167aea19,Live Between The Hedges,Apr 25 2026 • 12:00 AM,108,53,19,Sanford Stadium,"    { ""id"": ""f8dfab85-660a-4bc4-a050-3714de167aea19"", ""event"": ""Live Between The Hedges"", ""date"": ""Apr 25 2026 • 12:00 AM"", ""sec"": ""108"", ""row"": ""53"", ""seat"": ""19"", ""loc"": ""Sanford Stadium"", ""type"": ""Standard Admission"" },"
75937788,f8dfab85-660a-4bc4-a050-3714de167aea20,Live Between The Hedges,Apr 25 2026 • 12:00 AM,108,53,20,Sanford Stadium,"    { ""id"": ""f8dfab85-660a-4bc4-a050-3714de167aea20"", ""event"": ""Live Between The Hedges"", ""date"": ""Apr 25 2026 • 12:00 AM"", ""sec"": ""108"", ""row"": ""53"", ""seat"": ""20"", ""loc"": ""Sanford Stadium"", ""type"": ""Standard Admission"" },"
75963588,cec5ce14-ceac-4b8b-b5e1-794cbbc73fdd17,Live Between The Hedges,Apr 25 2026 • 12:00 AM,328,3,17,Sanford Stadium,"    { ""id"": ""cec5ce14-ceac-4b8b-b5e1-794cbbc73fdd17"", ""event"": ""Live Between The Hedges"", ""date"": ""Apr 25 2026 • 12:00 AM"", ""sec"": ""328"", ""row"": ""3"", ""seat"": ""17"", ""loc"": ""Sanford Stadium"", ""type"": ""Standard Admission"" },"
75963588,cec5ce14-ceac-4b8b-b5e1-794cbbc73fdd18,Live Between The Hedges,Apr 25 2026 • 12:00 AM,328,3,18,Sanford Stadium,"    { ""id"": ""cec5ce14-ceac-4b8b-b5e1-794cbbc73fdd18"", ""event"": ""Live Between The Hedges"", ""date"": ""Apr 25 2026 • 12:00 AM"", ""sec"": ""328"", ""row"": ""3"", ""seat"": ""18"", ""loc"": ""Sanford Stadium"", ""type"": ""Standard Admission"" },"
75948799,8042a126-00a9-47b3-9fc2-1e357be1854c19,Live Between The Hedges,Apr 25 2026 • 12:00 AM,323,15,19,Sanford Stadium,"    { ""id"": ""8042a126-00a9-47b3-9fc2-1e357be1854c19"", ""event"": ""Live Between The Hedges"", ""date"": ""Apr 25 2026 • 12:00 AM"", ""sec"": ""323"", ""row"": ""15"", ""seat"": ""19"", ""loc"": ""Sanford Stadium"", ""type"": ""Standard Admission"" },"
75948799,8042a126-00a9-47b3-9fc2-1e357be1854c20,Live Between The Hedges,Apr 25 2026 • 12:00 AM,323,15,20,Sanford Stadium,"    { ""id"": ""8042a126-00a9-47b3-9fc2-1e357be1854c20"", ""event"": ""Live Between The Hedges"", ""date"": ""Apr 25 2026 • 12:00 AM"", ""sec"": ""323"", ""row"": ""15"", ""seat"": ""20"", ""loc"": ""Sanford Stadium"", ""type"": ""Standard Admission"" },"
75948799,8042a126-00a9-47b3-9fc2-1e357be1854c21,Live Between The Hedges,Apr 25 2026 • 12:00 AM,323,15,21,Sanford Stadium,"    { ""id"": ""8042a126-00a9-47b3-9fc2-1e357be1854c21"", ""event"": ""Live Between The Hedges"", ""date"": ""Apr 25 2026 • 12:00 AM"", ""sec"": ""323"", ""row"": ""15"", ""seat"": ""21"", ""loc"": ""Sanford Stadium"", ""type"": ""Standard Admission"" },"
76020480,391bb255-a909-425f-9b60-c727d3e76cbe16,Live Between The Hedges,Apr 25 2026 • 12:00 AM,328,15,16,Sanford Stadium,"    { ""id"": ""391bb255-a909-425f-9b60-c727d3e76cbe16"", ""event"": ""Live Between The Hedges"", ""date"": ""Apr 25 2026 • 12:00 AM"", ""sec"": ""328"", ""row"": ""15"", ""seat"": ""16"", ""loc"": ""Sanford Stadium"", ""type"": ""Standard Admission"" },"
76020480,391bb255-a909-425f-9b60-c727d3e76cbe17,Live Between The Hedges,Apr 25 2026 • 12:00 AM,328,15,17,Sanford Stadium,"    { ""id"": ""391bb255-a909-425f-9b60-c727d3e76cbe17"", ""event"": ""Live Between The Hedges"", ""date"": ""Apr 25 2026 • 12:00 AM"", ""sec"": ""328"", ""row"": ""15"", ""seat"": ""17"", ""loc"": ""Sanford Stadium"", ""type"": ""Standard Admission"" },"
76020480,391bb255-a909-425f-9b60-c727d3e76cbe18,Live Between The Hedges,Apr 25 2026 • 12:00 AM,328,15,18,Sanford Stadium,"    { ""id"": ""391bb255-a909-425f-9b60-c727d3e76cbe18"", ""event"": ""Live Between The Hedges"", ""date"": ""Apr 25 2026 • 12:00 AM"", ""sec"": ""328"", ""row"": ""15"", ""seat"": ""18"", ""loc"": ""Sanford Stadium"", ""type"": ""Standard Admission"" },"
76020480,391bb255-a909-425f-9b60-c727d3e76cbe19,Live Between The Hedges,Apr 25 2026 • 12:00 AM,328,15,19,Sanford Stadium,"    { ""id"": ""391bb255-a909-425f-9b60-c727d3e76cbe19"", ""event"": ""Live Between The Hedges"", ""date"": ""Apr 25 2026 • 12:00 AM"", ""sec"": ""328"", ""row"": ""15"", ""seat"": ""19"", ""loc"": ""Sanford Stadium"", ""type"": ""Standard Admission"" },"
76026241,9146ce57-9bb0-4f0c-ac5f-bbea6abe65ea11,Live Between The Hedges,Apr 25 2026 • 12:00 AM,313,15,11,Sanford Stadium,"    { ""id"": ""9146ce57-9bb0-4f0c-ac5f-bbea6abe65ea11"", ""event"": ""Live Between The Hedges"", ""date"": ""Apr 25 2026 • 12:00 AM"", ""sec"": ""313"", ""row"": ""15"", ""seat"": ""11"", ""loc"": ""Sanford Stadium"", ""type"": ""Standard Admission"" },"
76026241,9146ce57-9bb0-4f0c-ac5f-bbea6abe65ea12,Live Between The Hedges,Apr 25 2026 • 12:00 AM,313,15,12,Sanford Stadium,"    { ""id"": ""9146ce57-9bb0-4f0c-ac5f-bbea6abe65ea12"", ""event"": ""Live Between The Hedges"", ""date"": ""Apr 25 2026 • 12:00 AM"", ""sec"": ""313"", ""row"": ""15"", ""seat"": ""12"", ""loc"": ""Sanford Stadium"", ""type"": ""Standard Admission"" },"
76004156,ab73ff41-4575-4e4f-91c6-fe9f2989ab9b5,Live Between The Hedges,Apr 25 2026 • 12:00 AM,328,3,5,Sanford Stadium,"    { ""id"": ""ab73ff41-4575-4e4f-91c6-fe9f2989ab9b5"", ""event"": ""Live Between The Hedges"", ""date"": ""Apr 25 2026 • 12:00 AM"", ""sec"": ""328"", ""row"": ""3"", ""seat"": ""5"", ""loc"": ""Sanford Stadium"", ""type"": ""Standard Admission"" },"
76004156,ab73ff41-4575-4e4f-91c6-fe9f2989ab9b6,Live Between The Hedges,Apr 25 2026 • 12:00 AM,328,3,6,Sanford Stadium,"    { ""id"": ""ab73ff41-4575-4e4f-91c6-fe9f2989ab9b6"", ""event"": ""Live Between The Hedges"", ""date"": ""Apr 25 2026 • 12:00 AM"", ""sec"": ""328"", ""row"": ""3"", ""seat"": ""6"", ""loc"": ""Sanford Stadium"", ""type"": ""Standard Admission"" },"
50934532,394aaebd-1712-4327-9a18-700d329bac8a11,Live Between The Hedges,Apr 25 2026 • 12:00 AM,326,15,11,Sanford Stadium,"    { ""id"": ""394aaebd-1712-4327-9a18-700d329bac8a11"", ""event"": ""Live Between The Hedges"", ""date"": ""Apr 25 2026 • 12:00 AM"", ""sec"": ""326"", ""row"": ""15"", ""seat"": ""11"", ""loc"": ""Sanford Stadium"", ""type"": ""Standard Admission"" },"
50934532,394aaebd-1712-4327-9a18-700d329bac8a12,Live Between The Hedges,Apr 25 2026 • 12:00 AM,326,15,12,Sanford Stadium,"    { ""id"": ""394aaebd-1712-4327-9a18-700d329bac8a12"", ""event"": ""Live Between The Hedges"", ""date"": ""Apr 25 2026 • 12:00 AM"", ""sec"": ""326"", ""row"": ""15"", ""seat"": ""12"", ""loc"": ""Sanford Stadium"", ""type"": ""Standard Admission"" },"
50936771,ff2ddf79-e5bb-45a0-bc10-ccf504828b7f7,Live Between The Hedges,Apr 25 2026 • 12:00 AM,318,24,7,Sanford Stadium,"    { ""id"": ""ff2ddf79-e5bb-45a0-bc10-ccf504828b7f7"", ""event"": ""Live Between The Hedges"", ""date"": ""Apr 25 2026 • 12:00 AM"", ""sec"": ""318"", ""row"": ""24"", ""seat"": ""7"", ""loc"": ""Sanford Stadium"", ""type"": ""Standard Admission"" },"
50936771,ff2ddf79-e5bb-45a0-bc10-ccf504828b7f8,Live Between The Hedges,Apr 25 2026 • 12:00 AM,318,24,8,Sanford Stadium,"    { ""id"": ""ff2ddf79-e5bb-45a0-bc10-ccf504828b7f8"", ""event"": ""Live Between The Hedges"", ""date"": ""Apr 25 2026 • 12:00 AM"", ""sec"": ""318"", ""row"": ""24"", ""seat"": ""8"", ""loc"": ""Sanford Stadium"", ""type"": ""Standard Admission"" },"
50936771,ff2ddf79-e5bb-45a0-bc10-ccf504828b7f9,Live Between The Hedges,Apr 25 2026 • 12:00 AM,318,24,9,Sanford Stadium,"    { ""id"": ""ff2ddf79-e5bb-45a0-bc10-ccf504828b7f9"", ""event"": ""Live Between The Hedges"", ""date"": ""Apr 25 2026 • 12:00 AM"", ""sec"": ""318"", ""row"": ""24"", ""seat"": ""9"", ""loc"": ""Sanford Stadium"", ""type"": ""Standard Admission"" },"
50936771,ff2ddf79-e5bb-45a0-bc10-ccf504828b7f10,Live Between The Hedges,Apr 25 2026 • 12:00 AM,318,24,10,Sanford Stadium,"    { ""id"": ""ff2ddf79-e5bb-45a0-bc10-ccf504828b7f10"", ""event"": ""Live Between The Hedges"", ""date"": ""Apr 25 2026 • 12:00 AM"", ""sec"": ""318"", ""row"": ""24"", ""seat"": ""10"", ""loc"": ""Sanford Stadium"", ""type"": ""Standard Admission"" },"
50934419,290c4e2f-fcb5-42d4-b817-8ac313db144d17,Live Between The Hedges,Apr 25 2026 • 12:00 AM,319,21,17,Sanford Stadium,"    { ""id"": ""290c4e2f-fcb5-42d4-b817-8ac313db144d17"", ""event"": ""Live Between The Hedges"", ""date"": ""Apr 25 2026 • 12:00 AM"", ""sec"": ""319"", ""row"": ""21"", ""seat"": ""17"", ""loc"": ""Sanford Stadium"", ""type"": ""Standard Admission"" },"
50934419,290c4e2f-fcb5-42d4-b817-8ac313db144d18,Live Between The Hedges,Apr 25 2026 • 12:00 AM,319,21,18,Sanford Stadium,"    { ""id"": ""290c4e2f-fcb5-42d4-b817-8ac313db144d18"", ""event"": ""Live Between The Hedges"", ""date"": ""Apr 25 2026 • 12:00 AM"", ""sec"": ""319"", ""row"": ""21"", ""seat"": ""18"", ""loc"": ""Sanford Stadium"", ""type"": ""Standard Admission"" },"
51052378,960a3a85-e638-47a9-9936-ac9c3fd8250c6,Live Between The Hedges,Apr 25 2026 • 12:00 AM,325,13,6,Sanford Stadium,"    { ""id"": ""960a3a85-e638-47a9-9936-ac9c3fd8250c6"", ""event"": ""Live Between The Hedges"", ""date"": ""Apr 25 2026 • 12:00 AM"", ""sec"": ""325"", ""row"": ""13"", ""seat"": ""6"", ""loc"": ""Sanford Stadium"", ""type"": ""Standard Admission"" },"
51052378,960a3a85-e638-47a9-9936-ac9c3fd8250c7,Live Between The Hedges,Apr 25 2026 • 12:00 AM,325,13,7,Sanford Stadium,"    { ""id"": ""960a3a85-e638-47a9-9936-ac9c3fd8250c7"", ""event"": ""Live Between The Hedges"", ""date"": ""Apr 25 2026 • 12:00 AM"", ""sec"": ""325"", ""row"": ""13"", ""seat"": ""7"", ""loc"": ""Sanford Stadium"", ""type"": ""Standard Admission"" },"
51052378,960a3a85-e638-47a9-9936-ac9c3fd8250c8,Live Between The Hedges,Apr 25 2026 • 12:00 AM,325,13,8,Sanford Stadium,"    { ""id"": ""960a3a85-e638-47a9-9936-ac9c3fd8250c8"", ""event"": ""Live Between The Hedges"", ""date"": ""Apr 25 2026 • 12:00 AM"", ""sec"": ""325"", ""row"": ""13"", ""seat"": ""8"", ""loc"": ""Sanford Stadium"", ""type"": ""Standard Admission"" },"
51086499,dde58698-96d1-4b93-832a-3439fb09405c13,Live Between The Hedges,Apr 25 2026 • 12:00 AM,307,25,13,Sanford Stadium,"    { ""id"": ""dde58698-96d1-4b93-832a-3439fb09405c13"", ""event"": ""Live Between The Hedges"", ""date"": ""Apr 25 2026 • 12:00 AM"", ""sec"": ""307"", ""row"": ""25"", ""seat"": ""13"", ""loc"": ""Sanford Stadium"", ""type"": ""Standard Admission"" },"
51086499,dde58698-96d1-4b93-832a-3439fb09405c14,Live Between The Hedges,Apr 25 2026 • 12:00 AM,307,25,14,Sanford Stadium,"    { ""id"": ""dde58698-96d1-4b93-832a-3439fb09405c14"", ""event"": ""Live Between The Hedges"", ""date"": ""Apr 25 2026 • 12:00 AM"", ""sec"": ""307"", ""row"": ""25"", ""seat"": ""14"", ""loc"": ""Sanford Stadium"", ""type"": ""Standard Admission"" },"
50967602,45a4150f-4ce2-4b8e-9fd3-3081624f5deb31,Live Between The Hedges,Apr 25 2026 • 12:00 AM,312,23,31,Sanford Stadium,"    { ""id"": ""45a4150f-4ce2-4b8e-9fd3-3081624f5deb31"", ""event"": ""Live Between The Hedges"", ""date"": ""Apr 25 2026 • 12:00 AM"", ""sec"": ""312"", ""row"": ""23"", ""seat"": ""31"", ""loc"": ""Sanford Stadium"", ""type"": ""Standard Admission"" },"
50967602,45a4150f-4ce2-4b8e-9fd3-3081624f5deb32,Live Between The Hedges,Apr 25 2026 • 12:00 AM,312,23,32,Sanford Stadium,"    { ""id"": ""45a4150f-4ce2-4b8e-9fd3-3081624f5deb32"", ""event"": ""Live Between The Hedges"", ""date"": ""Apr 25 2026 • 12:00 AM"", ""sec"": ""312"", ""row"": ""23"", ""seat"": ""32"", ""loc"": ""Sanford Stadium"", ""type"": ""Standard Admission"" },"
50967602,45a4150f-4ce2-4b8e-9fd3-3081624f5deb33,Live Between The Hedges,Apr 25 2026 • 12:00 AM,312,23,33,Sanford Stadium,"    { ""id"": ""45a4150f-4ce2-4b8e-9fd3-3081624f5deb33"", ""event"": ""Live Between The Hedges"", ""date"": ""Apr 25 2026 • 12:00 AM"", ""sec"": ""312"", ""row"": ""23"", ""seat"": ""33"", ""loc"": ""Sanford Stadium"", ""type"": ""Standard Admission"" },"
50967602,45a4150f-4ce2-4b8e-9fd3-3081624f5deb34,Live Between The Hedges,Apr 25 2026 • 12:00 AM,312,23,34,Sanford Stadium,"    { ""id"": ""45a4150f-4ce2-4b8e-9fd3-3081624f5deb34"", ""event"": ""Live Between The Hedges"", ""date"": ""Apr 25 2026 • 12:00 AM"", ""sec"": ""312"", ""row"": ""23"", ""seat"": ""34"", ""loc"": ""Sanford Stadium"", ""type"": ""Standard Admission"" },"
51241788,cb7e37ac-1963-411f-9190-f2b31540240d19,Live Between The Hedges,Apr 25 2026 • 12:00 AM,319,25,19,Sanford Stadium,"    { ""id"": ""cb7e37ac-1963-411f-9190-f2b31540240d19"", ""event"": ""Live Between The Hedges"", ""date"": ""Apr 25 2026 • 12:00 AM"", ""sec"": ""319"", ""row"": ""25"", ""seat"": ""19"", ""loc"": ""Sanford Stadium"", ""type"": ""Standard Admission"" },"
51241788,cb7e37ac-1963-411f-9190-f2b31540240d20,Live Between The Hedges,Apr 25 2026 • 12:00 AM,319,25,20,Sanford Stadium,"    { ""id"": ""cb7e37ac-1963-411f-9190-f2b31540240d20"", ""event"": ""Live Between The Hedges"", ""date"": ""Apr 25 2026 • 12:00 AM"", ""sec"": ""319"", ""row"": ""25"", ""seat"": ""20"", ""loc"": ""Sanford Stadium"", ""type"": ""Standard Admission"" },"
50955001,6e450e89-a9fd-4ea1-a5b3-87d02bd830bc5,Live Between The Hedges,Apr 25 2026 • 12:00 AM,318,24,5,Sanford Stadium,"    { ""id"": ""6e450e89-a9fd-4ea1-a5b3-87d02bd830bc5"", ""event"": ""Live Between The Hedges"", ""date"": ""Apr 25 2026 • 12:00 AM"", ""sec"": ""318"", ""row"": ""24"", ""seat"": ""5"", ""loc"": ""Sanford Stadium"", ""type"": ""Standard Admission"" },"
50955001,6e450e89-a9fd-4ea1-a5b3-87d02bd830bc6,Live Between The Hedges,Apr 25 2026 • 12:00 AM,318,24,6,Sanford Stadium,"    { ""id"": ""6e450e89-a9fd-4ea1-a5b3-87d02bd830bc6"", ""event"": ""Live Between The Hedges"", ""date"": ""Apr 25 2026 • 12:00 AM"", ""sec"": ""318"", ""row"": ""24"", ""seat"": ""6"", ""loc"": ""Sanford Stadium"", ""type"": ""Standard Admission"" },"
50924133,99726e53-9470-4fe8-afef-cb8b63d1ba4d15,Live Between The Hedges,Apr 25 2026 • 12:00 AM,307,24,15,Sanford Stadium,"    { ""id"": ""99726e53-9470-4fe8-afef-cb8b63d1ba4d15"", ""event"": ""Live Between The Hedges"", ""date"": ""Apr 25 2026 • 12:00 AM"", ""sec"": ""307"", ""row"": ""24"", ""seat"": ""15"", ""loc"": ""Sanford Stadium"", ""type"": ""Standard Admission"" },"
50924133,99726e53-9470-4fe8-afef-cb8b63d1ba4d16,Live Between The Hedges,Apr 25 2026 • 12:00 AM,307,24,16,Sanford Stadium,"    { ""id"": ""99726e53-9470-4fe8-afef-cb8b63d1ba4d16"", ""event"": ""Live Between The Hedges"", ""date"": ""Apr 25 2026 • 12:00 AM"", ""sec"": ""307"", ""row"": ""24"", ""seat"": ""16"", ""loc"": ""Sanford Stadium"", ""type"": ""Standard Admission"" },"
50959764,ef275a36-dbeb-466d-95b4-5b0d0f1bb93a1,Live Between The Hedges,Apr 25 2026 • 12:00 AM,312,24,1,Sanford Stadium,"    { ""id"": ""ef275a36-dbeb-466d-95b4-5b0d0f1bb93a1"", ""event"": ""Live Between The Hedges"", ""date"": ""Apr 25 2026 • 12:00 AM"", ""sec"": ""312"", ""row"": ""24"", ""seat"": ""1"", ""loc"": ""Sanford Stadium"", ""type"": ""Standard Admission"" },"
50959764,ef275a36-dbeb-466d-95b4-5b0d0f1bb93a2,Live Between The Hedges,Apr 25 2026 • 12:00 AM,312,24,2,Sanford Stadium,"    { ""id"": ""ef275a36-dbeb-466d-95b4-5b0d0f1bb93a2"", ""event"": ""Live Between The Hedges"", ""date"": ""Apr 25 2026 • 12:00 AM"", ""sec"": ""312"", ""row"": ""24"", ""seat"": ""2"", ""loc"": ""Sanford Stadium"", ""type"": ""Standard Admission"" },"
50959764,ef275a36-dbeb-466d-95b4-5b0d0f1bb93a3,Live Between The Hedges,Apr 25 2026 • 12:00 AM,312,24,3,Sanford Stadium,"    { ""id"": ""ef275a36-dbeb-466d-95b4-5b0d0f1bb93a3"", ""event"": ""Live Between The Hedges"", ""date"": ""Apr 25 2026 • 12:00 AM"", ""sec"": ""312"", ""row"": ""24"", ""seat"": ""3"", ""loc"": ""Sanford Stadium"", ""type"": ""Standard Admission"" },"
50959764,ef275a36-dbeb-466d-95b4-5b0d0f1bb93a4,Live Between The Hedges,Apr 25 2026 • 12:00 AM,312,24,4,Sanford Stadium,"    { ""id"": ""ef275a36-dbeb-466d-95b4-5b0d0f1bb93a4"", ""event"": ""Live Between The Hedges"", ""date"": ""Apr 25 2026 • 12:00 AM"", ""sec"": ""312"", ""row"": ""24"", ""seat"": ""4"", ""loc"": ""Sanford Stadium"", ""type"": ""Standard Admission"" },"
50936290,209f2020-990a-4df1-8d82-66855ce323cd15,Live Between The Hedges,Apr 25 2026 • 12:00 AM,319,21,15,Sanford Stadium,"    { ""id"": ""209f2020-990a-4df1-8d82-66855ce323cd15"", ""event"": ""Live Between The Hedges"", ""date"": ""Apr 25 2026 • 12:00 AM"", ""sec"": ""319"", ""row"": ""21"", ""seat"": ""15"", ""loc"": ""Sanford Stadium"", ""type"": ""Standard Admission"" },"
50936290,209f2020-990a-4df1-8d82-66855ce323cd16,Live Between The Hedges,Apr 25 2026 • 12:00 AM,319,21,16,Sanford Stadium,"    { ""id"": ""209f2020-990a-4df1-8d82-66855ce323cd16"", ""event"": ""Live Between The Hedges"", ""date"": ""Apr 25 2026 • 12:00 AM"", ""sec"": ""319"", ""row"": ""21"", ""seat"": ""16"", ""loc"": ""Sanford Stadium"", ""type"": ""Standard Admission"" },"
50926600,515362df-707f-43ea-907e-13fbd882d04a8,Live Between The Hedges,Apr 25 2026 • 12:00 AM,327,15,8,Sanford Stadium,"    { ""id"": ""515362df-707f-43ea-907e-13fbd882d04a8"", ""event"": ""Live Between The Hedges"", ""date"": ""Apr 25 2026 • 12:00 AM"", ""sec"": ""327"", ""row"": ""15"", ""seat"": ""8"", ""loc"": ""Sanford Stadium"", ""type"": ""Standard Admission"" },"
50926600,515362df-707f-43ea-907e-13fbd882d04a9,Live Between The Hedges,Apr 25 2026 • 12:00 AM,327,15,9,Sanford Stadium,"    { ""id"": ""515362df-707f-43ea-907e-13fbd882d04a9"", ""event"": ""Live Between The Hedges"", ""date"": ""Apr 25 2026 • 12:00 AM"", ""sec"": ""327"", ""row"": ""15"", ""seat"": ""9"", ""loc"": ""Sanford Stadium"", ""type"": ""Standard Admission"" },"
50926600,515362df-707f-43ea-907e-13fbd882d04a10,Live Between The Hedges,Apr 25 2026 • 12:00 AM,327,15,10,Sanford Stadium,"    { ""id"": ""515362df-707f-43ea-907e-13fbd882d04a10"", ""event"": ""Live Between The Hedges"", ""date"": ""Apr 25 2026 • 12:00 AM"", ""sec"": ""327"", ""row"": ""15"", ""seat"": ""10"", ""loc"": ""Sanford Stadium"", ""type"": ""Standard Admission"" },"
50926600,515362df-707f-43ea-907e-13fbd882d04a11,Live Between The Hedges,Apr 25 2026 • 12:00 AM,327,15,11,Sanford Stadium,"    { ""id"": ""515362df-707f-43ea-907e-13fbd882d04a11"", ""event"": ""Live Between The Hedges"", ""date"": ""Apr 25 2026 • 12:00 AM"", ""sec"": ""327"", ""row"": ""15"", ""seat"": ""11"", ""loc"": ""Sanford Stadium"", ""type"": ""Standard Admission"" },"
50940702,db77e6ec-ca17-4786-97b8-2d74791e782b30,Live Between The Hedges,Apr 25 2026 • 12:00 AM,326,21,30,Sanford Stadium,"    { ""id"": ""db77e6ec-ca17-4786-97b8-2d74791e782b30"", ""event"": ""Live Between The Hedges"", ""date"": ""Apr 25 2026 • 12:00 AM"", ""sec"": ""326"", ""row"": ""21"", ""seat"": ""30"", ""loc"": ""Sanford Stadium"", ""type"": ""Standard Admission"" },"
50940702,db77e6ec-ca17-4786-97b8-2d74791e782b31,Live Between The Hedges,Apr 25 2026 • 12:00 AM,326,21,31,Sanford Stadium,"    { ""id"": ""db77e6ec-ca17-4786-97b8-2d74791e782b31"", ""event"": ""Live Between The Hedges"", ""date"": ""Apr 25 2026 • 12:00 AM"", ""sec"": ""326"", ""row"": ""21"", ""seat"": ""31"", ""loc"": ""Sanford Stadium"", ""type"": ""Standard Admission"" },"
50940702,db77e6ec-ca17-4786-97b8-2d74791e782b32,Live Between The Hedges,Apr 25 2026 • 12:00 AM,326,21,32,Sanford Stadium,"    { ""id"": ""db77e6ec-ca17-4786-97b8-2d74791e782b32"", ""event"": ""Live Between The Hedges"", ""date"": ""Apr 25 2026 • 12:00 AM"", ""sec"": ""326"", ""row"": ""21"", ""seat"": ""32"", ""loc"": ""Sanford Stadium"", ""type"": ""Standard Admission"" },"
50940702,db77e6ec-ca17-4786-97b8-2d74791e782b33,Live Between The Hedges,Apr 25 2026 • 12:00 AM,326,21,33,Sanford Stadium,"    { ""id"": ""db77e6ec-ca17-4786-97b8-2d74791e782b33"", ""event"": ""Live Between The Hedges"", ""date"": ""Apr 25 2026 • 12:00 AM"", ""sec"": ""326"", ""row"": ""21"", ""seat"": ""33"", ""loc"": ""Sanford Stadium"", ""type"": ""Standard Admission"" },"
50935252,6b63a110-f947-4ccb-ac9c-5a17466b3f0f1,Live Between The Hedges,Apr 25 2026 • 12:00 AM,327,22,1,Sanford Stadium,"    { ""id"": ""6b63a110-f947-4ccb-ac9c-5a17466b3f0f1"", ""event"": ""Live Between The Hedges"", ""date"": ""Apr 25 2026 • 12:00 AM"", ""sec"": ""327"", ""row"": ""22"", ""seat"": ""1"", ""loc"": ""Sanford Stadium"", ""type"": ""Standard Admission"" },"
50935252,6b63a110-f947-4ccb-ac9c-5a17466b3f0f2,Live Between The Hedges,Apr 25 2026 • 12:00 AM,327,22,2,Sanford Stadium,"    { ""id"": ""6b63a110-f947-4ccb-ac9c-5a17466b3f0f2"", ""event"": ""Live Between The Hedges"", ""date"": ""Apr 25 2026 • 12:00 AM"", ""sec"": ""327"", ""row"": ""22"", ""seat"": ""2"", ""loc"": ""Sanford Stadium"", ""type"": ""Standard Admission"" },"
50935252,6b63a110-f947-4ccb-ac9c-5a17466b3f0f3,Live Between The Hedges,Apr 25 2026 • 12:00 AM,327,22,3,Sanford Stadium,"    { ""id"": ""6b63a110-f947-4ccb-ac9c-5a17466b3f0f3"", ""event"": ""Live Between The Hedges"", ""date"": ""Apr 25 2026 • 12:00 AM"", ""sec"": ""327"", ""row"": ""22"", ""seat"": ""3"", ""loc"": ""Sanford Stadium"", ""type"": ""Standard Admission"" },"
50935252,6b63a110-f947-4ccb-ac9c-5a17466b3f0f4,Live Between The Hedges,Apr 25 2026 • 12:00 AM,327,22,4,Sanford Stadium,"    { ""id"": ""6b63a110-f947-4ccb-ac9c-5a17466b3f0f4"", ""event"": ""Live Between The Hedges"", ""date"": ""Apr 25 2026 • 12:00 AM"", ""sec"": ""327"", ""row"": ""22"", ""seat"": ""4"", ""loc"": ""Sanford Stadium"", ""type"": ""Standard Admission"" },"
50936913,69eebbc8-de5e-45db-88d2-4f7e6bba1edd7,Live Between The Hedges,Apr 25 2026 • 12:00 AM,316,15,7,Sanford Stadium,"    { ""id"": ""69eebbc8-de5e-45db-88d2-4f7e6bba1edd7"", ""event"": ""Live Between The Hedges"", ""date"": ""Apr 25 2026 • 12:00 AM"", ""sec"": ""316"", ""row"": ""15"", ""seat"": ""7"", ""loc"": ""Sanford Stadium"", ""type"": ""Standard Admission"" },"
50936913,69eebbc8-de5e-45db-88d2-4f7e6bba1edd8,Live Between The Hedges,Apr 25 2026 • 12:00 AM,316,15,8,Sanford Stadium,"    { ""id"": ""69eebbc8-de5e-45db-88d2-4f7e6bba1edd8"", ""event"": ""Live Between The Hedges"", ""date"": ""Apr 25 2026 • 12:00 AM"", ""sec"": ""316"", ""row"": ""15"", ""seat"": ""8"", ""loc"": ""Sanford Stadium"", ""type"": ""Standard Admission"" },"
50925229,f49a2753-a10d-48eb-a8a0-094e6f32feec8,Live Between The Hedges,Apr 25 2026 • 12:00 AM,308,24,8,Sanford Stadium,"    { ""id"": ""f49a2753-a10d-48eb-a8a0-094e6f32feec8"", ""event"": ""Live Between The Hedges"", ""date"": ""Apr 25 2026 • 12:00 AM"", ""sec"": ""308"", ""row"": ""24"", ""seat"": ""8"", ""loc"": ""Sanford Stadium"", ""type"": ""Standard Admission"" },"
50925229,f49a2753-a10d-48eb-a8a0-094e6f32feec9,Live Between The Hedges,Apr 25 2026 • 12:00 AM,308,24,9,Sanford Stadium,"    { ""id"": ""f49a2753-a10d-48eb-a8a0-094e6f32feec9"", ""event"": ""Live Between The Hedges"", ""date"": ""Apr 25 2026 • 12:00 AM"", ""sec"": ""308"", ""row"": ""24"", ""seat"": ""9"", ""loc"": ""Sanford Stadium"", ""type"": ""Standard Admission"" },"
50925229,f49a2753-a10d-48eb-a8a0-094e6f32feec10,Live Between The Hedges,Apr 25 2026 • 12:00 AM,308,24,10,Sanford Stadium,"    { ""id"": ""f49a2753-a10d-48eb-a8a0-094e6f32feec10"", ""event"": ""Live Between The Hedges"", ""date"": ""Apr 25 2026 • 12:00 AM"", ""sec"": ""308"", ""row"": ""24"", ""seat"": ""10"", ""loc"": ""Sanford Stadium"", ""type"": ""Standard Admission"" },"
50925229,f49a2753-a10d-48eb-a8a0-094e6f32feec11,Live Between The Hedges,Apr 25 2026 • 12:00 AM,308,24,11,Sanford Stadium,"    { ""id"": ""f49a2753-a10d-48eb-a8a0-094e6f32feec11"", ""event"": ""Live Between The Hedges"", ""date"": ""Apr 25 2026 • 12:00 AM"", ""sec"": ""308"", ""row"": ""24"", ""seat"": ""11"", ""loc"": ""Sanford Stadium"", ""type"": ""Standard Admission"" },"
50925229,f49a2753-a10d-48eb-a8a0-094e6f32feec12,Live Between The Hedges,Apr 25 2026 • 12:00 AM,308,24,12,Sanford Stadium,"    { ""id"": ""f49a2753-a10d-48eb-a8a0-094e6f32feec12"", ""event"": ""Live Between The Hedges"", ""date"": ""Apr 25 2026 • 12:00 AM"", ""sec"": ""308"", ""row"": ""24"", ""seat"": ""12"", ""loc"": ""Sanford Stadium"", ""type"": ""Standard Admission"" },"
50938294,88c98265-c1d7-40f9-a75b-be380f89797b5,Live Between The Hedges,Apr 25 2026 • 12:00 AM,331,20,5,Sanford Stadium,"    { ""id"": ""88c98265-c1d7-40f9-a75b-be380f89797b5"", ""event"": ""Live Between The Hedges"", ""date"": ""Apr 25 2026 • 12:00 AM"", ""sec"": ""331"", ""row"": ""20"", ""seat"": ""5"", ""loc"": ""Sanford Stadium"", ""type"": ""Standard Admission"" },"
50938294,88c98265-c1d7-40f9-a75b-be380f89797b6,Live Between The Hedges,Apr 25 2026 • 12:00 AM,331,20,6,Sanford Stadium,"    { ""id"": ""88c98265-c1d7-40f9-a75b-be380f89797b6"", ""event"": ""Live Between The Hedges"", ""date"": ""Apr 25 2026 • 12:00 AM"", ""sec"": ""331"", ""row"": ""20"", ""seat"": ""6"", ""loc"": ""Sanford Stadium"", ""type"": ""Standard Admission"" },"
50938294,88c98265-c1d7-40f9-a75b-be380f89797b7,Live Between The Hedges,Apr 25 2026 • 12:00 AM,331,20,7,Sanford Stadium,"    { ""id"": ""88c98265-c1d7-40f9-a75b-be380f89797b7"", ""event"": ""Live Between The Hedges"", ""date"": ""Apr 25 2026 • 12:00 AM"", ""sec"": ""331"", ""row"": ""20"", ""seat"": ""7"", ""loc"": ""Sanford Stadium"", ""type"": ""Standard Admission"" },"
50938294,88c98265-c1d7-40f9-a75b-be380f89797b8,Live Between The Hedges,Apr 25 2026 • 12:00 AM,331,20,8,Sanford Stadium,"    { ""id"": ""88c98265-c1d7-40f9-a75b-be380f89797b8"", ""event"": ""Live Between The Hedges"", ""date"": ""Apr 25 2026 • 12:00 AM"", ""sec"": ""331"", ""row"": ""20"", ""seat"": ""8"", ""loc"": ""Sanford Stadium"", ""type"": ""Standard Admission"" },"
50938294,88c98265-c1d7-40f9-a75b-be380f89797b9,Live Between The Hedges,Apr 25 2026 • 12:00 AM,331,20,9,Sanford Stadium,"    { ""id"": ""88c98265-c1d7-40f9-a75b-be380f89797b9"", ""event"": ""Live Between The Hedges"", ""date"": ""Apr 25 2026 • 12:00 AM"", ""sec"": ""331"", ""row"": ""20"", ""seat"": ""9"", ""loc"": ""Sanford Stadium"", ""type"": ""Standard Admission"" },"
50938294,88c98265-c1d7-40f9-a75b-be380f89797b10,Live Between The Hedges,Apr 25 2026 • 12:00 AM,331,20,10,Sanford Stadium,"    { ""id"": ""88c98265-c1d7-40f9-a75b-be380f89797b10"", ""event"": ""Live Between The Hedges"", ""date"": ""Apr 25 2026 • 12:00 AM"", ""sec"": ""331"", ""row"": ""20"", ""seat"": ""10"", ""loc"": ""Sanford Stadium"", ""type"": ""Standard Admission"" },"
50979142,eb4deba9-e60f-477c-8f5b-8bc3c999751d23,Live Between The Hedges,Apr 25 2026 • 12:00 AM,304,25,23,Sanford Stadium,"    { ""id"": ""eb4deba9-e60f-477c-8f5b-8bc3c999751d23"", ""event"": ""Live Between The Hedges"", ""date"": ""Apr 25 2026 • 12:00 AM"", ""sec"": ""304"", ""row"": ""25"", ""seat"": ""23"", ""loc"": ""Sanford Stadium"", ""type"": ""Standard Admission"" },"
50979142,eb4deba9-e60f-477c-8f5b-8bc3c999751d24,Live Between The Hedges,Apr 25 2026 • 12:00 AM,304,25,24,Sanford Stadium,"    { ""id"": ""eb4deba9-e60f-477c-8f5b-8bc3c999751d24"", ""event"": ""Live Between The Hedges"", ""date"": ""Apr 25 2026 • 12:00 AM"", ""sec"": ""304"", ""row"": ""25"", ""seat"": ""24"", ""loc"": ""Sanford Stadium"", ""type"": ""Standard Admission"" },"
50979142,eb4deba9-e60f-477c-8f5b-8bc3c999751d25,Live Between The Hedges,Apr 25 2026 • 12:00 AM,304,25,25,Sanford Stadium,"    { ""id"": ""eb4deba9-e60f-477c-8f5b-8bc3c999751d25"", ""event"": ""Live Between The Hedges"", ""date"": ""Apr 25 2026 • 12:00 AM"", ""sec"": ""304"", ""row"": ""25"", ""seat"": ""25"", ""loc"": ""Sanford Stadium"", ""type"": ""Standard Admission"" },"
50930473,35911e4c-59d7-4276-bab2-5fe1271a81bd28,Live Between The Hedges,Apr 25 2026 • 12:00 AM,310,25,28,Sanford Stadium,"    { ""id"": ""35911e4c-59d7-4276-bab2-5fe1271a81bd28"", ""event"": ""Live Between The Hedges"", ""date"": ""Apr 25 2026 • 12:00 AM"", ""sec"": ""310"", ""row"": ""25"", ""seat"": ""28"", ""loc"": ""Sanford Stadium"", ""type"": ""Standard Admission"" },"
50930473,35911e4c-59d7-4276-bab2-5fe1271a81bd29,Live Between The Hedges,Apr 25 2026 • 12:00 AM,310,25,29,Sanford Stadium,"    { ""id"": ""35911e4c-59d7-4276-bab2-5fe1271a81bd29"", ""event"": ""Live Between The Hedges"", ""date"": ""Apr 25 2026 • 12:00 AM"", ""sec"": ""310"", ""row"": ""25"", ""seat"": ""29"", ""loc"": ""Sanford Stadium"", ""type"": ""Standard Admission"" },"
50939954,5e4dcd0f-b083-464b-bed5-be03fa40e5fd13,Live Between The Hedges,Apr 25 2026 • 12:00 AM,330,21,13,Sanford Stadium,"    { ""id"": ""5e4dcd0f-b083-464b-bed5-be03fa40e5fd13"", ""event"": ""Live Between The Hedges"", ""date"": ""Apr 25 2026 • 12:00 AM"", ""sec"": ""330"", ""row"": ""21"", ""seat"": ""13"", ""loc"": ""Sanford Stadium"", ""type"": ""Standard Admission"" },"
50939954,5e4dcd0f-b083-464b-bed5-be03fa40e5fd14,Live Between The Hedges,Apr 25 2026 • 12:00 AM,330,21,14,Sanford Stadium,"    { ""id"": ""5e4dcd0f-b083-464b-bed5-be03fa40e5fd14"", ""event"": ""Live Between The Hedges"", ""date"": ""Apr 25 2026 • 12:00 AM"", ""sec"": ""330"", ""row"": ""21"", ""seat"": ""14"", ""loc"": ""Sanford Stadium"", ""type"": ""Standard Admission"" },"
50939954,5e4dcd0f-b083-464b-bed5-be03fa40e5fd15,Live Between The Hedges,Apr 25 2026 • 12:00 AM,330,21,15,Sanford Stadium,"    { ""id"": ""5e4dcd0f-b083-464b-bed5-be03fa40e5fd15"", ""event"": ""Live Between The Hedges"", ""date"": ""Apr 25 2026 • 12:00 AM"", ""sec"": ""330"", ""row"": ""21"", ""seat"": ""15"", ""loc"": ""Sanford Stadium"", ""type"": ""Standard Admission"" },"
50939954,5e4dcd0f-b083-464b-bed5-be03fa40e5fd16,Live Between The Hedges,Apr 25 2026 • 12:00 AM,330,21,16,Sanford Stadium,"    { ""id"": ""5e4dcd0f-b083-464b-bed5-be03fa40e5fd16"", ""event"": ""Live Between The Hedges"", ""date"": ""Apr 25 2026 • 12:00 AM"", ""sec"": ""330"", ""row"": ""21"", ""seat"": ""16"", ""loc"": ""Sanford Stadium"", ""type"": ""Standard Admission"" },"
50939954,5e4dcd0f-b083-464b-bed5-be03fa40e5fd17,Live Between The Hedges,Apr 25 2026 • 12:00 AM,330,21,17,Sanford Stadium,"    { ""id"": ""5e4dcd0f-b083-464b-bed5-be03fa40e5fd17"", ""event"": ""Live Between The Hedges"", ""date"": ""Apr 25 2026 • 12:00 AM"", ""sec"": ""330"", ""row"": ""21"", ""seat"": ""17"", ""loc"": ""Sanford Stadium"", ""type"": ""Standard Admission"" },"
51241356,9e68bd7e-0e7e-470e-baef-af7f022d6d0c33,Live Between The Hedges,Apr 25 2026 • 12:00 AM,326,23,33,Sanford Stadium,"    { ""id"": ""9e68bd7e-0e7e-470e-baef-af7f022d6d0c33"", ""event"": ""Live Between The Hedges"", ""date"": ""Apr 25 2026 • 12:00 AM"", ""sec"": ""326"", ""row"": ""23"", ""seat"": ""33"", ""loc"": ""Sanford Stadium"", ""type"": ""Standard Admission"" },"
51241356,9e68bd7e-0e7e-470e-baef-af7f022d6d0c34,Live Between The Hedges,Apr 25 2026 • 12:00 AM,326,23,34,Sanford Stadium,"    { ""id"": ""9e68bd7e-0e7e-470e-baef-af7f022d6d0c34"", ""event"": ""Live Between The Hedges"", ""date"": ""Apr 25 2026 • 12:00 AM"", ""sec"": ""326"", ""row"": ""23"", ""seat"": ""34"", ""loc"": ""Sanford Stadium"", ""type"": ""Standard Admission"" },"
627103256,4182fc8e-3f8c-463d-947a-2cba3ddfb24b1,Live Between The Hedges,Apr 25 2026 • 12:00 AM,326,25,1,Sanford Stadium,"    { ""id"": ""4182fc8e-3f8c-463d-947a-2cba3ddfb24b1"", ""event"": ""Live Between The Hedges"", ""date"": ""Apr 25 2026 • 12:00 AM"", ""sec"": ""326"", ""row"": ""25"", ""seat"": ""1"", ""loc"": ""Sanford Stadium"", ""type"": ""Standard Admission"" },"
627103256,4182fc8e-3f8c-463d-947a-2cba3ddfb24b2,Live Between The Hedges,Apr 25 2026 • 12:00 AM,326,25,2,Sanford Stadium,"    { ""id"": ""4182fc8e-3f8c-463d-947a-2cba3ddfb24b2"", ""event"": ""Live Between The Hedges"", ""date"": ""Apr 25 2026 • 12:00 AM"", ""sec"": ""326"", ""row"": ""25"", ""seat"": ""2"", ""loc"": ""Sanford Stadium"", ""type"": ""Standard Admission"" },"
627103256,4182fc8e-3f8c-463d-947a-2cba3ddfb24b3,Live Between The Hedges,Apr 25 2026 • 12:00 AM,326,25,3,Sanford Stadium,"    { ""id"": ""4182fc8e-3f8c-463d-947a-2cba3ddfb24b3"", ""event"": ""Live Between The Hedges"", ""date"": ""Apr 25 2026 • 12:00 AM"", ""sec"": ""326"", ""row"": ""25"", ""seat"": ""3"", ""loc"": ""Sanford Stadium"", ""type"": ""Standard Admission"" },"
627103256,4182fc8e-3f8c-463d-947a-2cba3ddfb24b4,Live Between The Hedges,Apr 25 2026 • 12:00 AM,326,25,4,Sanford Stadium,"    { ""id"": ""4182fc8e-3f8c-463d-947a-2cba3ddfb24b4"", ""event"": ""Live Between The Hedges"", ""date"": ""Apr 25 2026 • 12:00 AM"", ""sec"": ""326"", ""row"": ""25"", ""seat"": ""4"", ""loc"": ""Sanford Stadium"", ""type"": ""Standard Admission"" },"
2666383,4f25a54f-cf4b-4cb1-b099-9b8bf829c48a41,AC/DC,Jul 19 2026 • 7:00 PM,Lower Deck I,50,41,Camp Randall Stadium,"    { ""id"": ""4f25a54f-cf4b-4cb1-b099-9b8bf829c48a41"", ""event"": ""AC/DC"", ""date"": ""Jul 19 2026 • 7:00 PM"", ""sec"": ""Lower Deck I"", ""row"": ""50"", ""seat"": ""41"", ""loc"": ""Camp Randall Stadium"", ""type"": ""Standard Admission"" },"
2666383,4f25a54f-cf4b-4cb1-b099-9b8bf829c48a42,AC/DC,Jul 19 2026 • 7:00 PM,Lower Deck I,50,42,Camp Randall Stadium,"    { ""id"": ""4f25a54f-cf4b-4cb1-b099-9b8bf829c48a42"", ""event"": ""AC/DC"", ""date"": ""Jul 19 2026 • 7:00 PM"", ""sec"": ""Lower Deck I"", ""row"": ""50"", ""seat"": ""42"", ""loc"": ""Camp Randall Stadium"", ""type"": ""Standard Admission"" },"
2667738,d055487d-0d42-41e0-96a6-e1b4737e26ad21,AC/DC,Jul 19 2026 • 7:00 PM,Lower Deck M,49,21,Camp Randall Stadium,"    { ""id"": ""d055487d-0d42-41e0-96a6-e1b4737e26ad21"", ""event"": ""AC/DC"", ""date"": ""Jul 19 2026 • 7:00 PM"", ""sec"": ""Lower Deck M"", ""row"": ""49"", ""seat"": ""21"", ""loc"": ""Camp Randall Stadium"", ""type"": ""Standard Admission"" },"
2667738,d055487d-0d42-41e0-96a6-e1b4737e26ad22,AC/DC,Jul 19 2026 • 7:00 PM,Lower Deck M,49,22,Camp Randall Stadium,"    { ""id"": ""d055487d-0d42-41e0-96a6-e1b4737e26ad22"", ""event"": ""AC/DC"", ""date"": ""Jul 19 2026 • 7:00 PM"", ""sec"": ""Lower Deck M"", ""row"": ""49"", ""seat"": ""22"", ""loc"": ""Camp Randall Stadium"", ""type"": ""Standard Admission"" },"
2667738,d055487d-0d42-41e0-96a6-e1b4737e26ad23,AC/DC,Jul 19 2026 • 7:00 PM,Lower Deck M,49,23,Camp Randall Stadium,"    { ""id"": ""d055487d-0d42-41e0-96a6-e1b4737e26ad23"", ""event"": ""AC/DC"", ""date"": ""Jul 19 2026 • 7:00 PM"", ""sec"": ""Lower Deck M"", ""row"": ""49"", ""seat"": ""23"", ""loc"": ""Camp Randall Stadium"", ""type"": ""Standard Admission"" },"
2667738,d055487d-0d42-41e0-96a6-e1b4737e26ad24,AC/DC,Jul 19 2026 • 7:00 PM,Lower Deck M,49,24,Camp Randall Stadium,"    { ""id"": ""d055487d-0d42-41e0-96a6-e1b4737e26ad24"", ""event"": ""AC/DC"", ""date"": ""Jul 19 2026 • 7:00 PM"", ""sec"": ""Lower Deck M"", ""row"": ""49"", ""seat"": ""24"", ""loc"": ""Camp Randall Stadium"", ""type"": ""Standard Admission"" },"
2669087,475e1cb5-da66-487e-b660-cde7e004b5cc24,AC/DC,Jul 19 2026 • 7:00 PM,Lower Deck N,50,24,Camp Randall Stadium,"    { ""id"": ""475e1cb5-da66-487e-b660-cde7e004b5cc24"", ""event"": ""AC/DC"", ""date"": ""Jul 19 2026 • 7:00 PM"", ""sec"": ""Lower Deck N"", ""row"": ""50"", ""seat"": ""24"", ""loc"": ""Camp Randall Stadium"", ""type"": ""Standard Admission"" },"
2669087,475e1cb5-da66-487e-b660-cde7e004b5cc25,AC/DC,Jul 19 2026 • 7:00 PM,Lower Deck N,50,25,Camp Randall Stadium,"    { ""id"": ""475e1cb5-da66-487e-b660-cde7e004b5cc25"", ""event"": ""AC/DC"", ""date"": ""Jul 19 2026 • 7:00 PM"", ""sec"": ""Lower Deck N"", ""row"": ""50"", ""seat"": ""25"", ""loc"": ""Camp Randall Stadium"", ""type"": ""Standard Admission"" },"
2669629,bc13744a-4906-42db-8ebf-f625241d04ed19,AC/DC,Jul 19 2026 • 7:00 PM,Lower Deck N,52,19,Camp Randall Stadium,"    { ""id"": ""bc13744a-4906-42db-8ebf-f625241d04ed19"", ""event"": ""AC/DC"", ""date"": ""Jul 19 2026 • 7:00 PM"", ""sec"": ""Lower Deck N"", ""row"": ""52"", ""seat"": ""19"", ""loc"": ""Camp Randall Stadium"", ""type"": ""Standard Admission"" },"
2669629,bc13744a-4906-42db-8ebf-f625241d04ed20,AC/DC,Jul 19 2026 • 7:00 PM,Lower Deck N,52,20,Camp Randall Stadium,"    { ""id"": ""bc13744a-4906-42db-8ebf-f625241d04ed20"", ""event"": ""AC/DC"", ""date"": ""Jul 19 2026 • 7:00 PM"", ""sec"": ""Lower Deck N"", ""row"": ""52"", ""seat"": ""20"", ""loc"": ""Camp Randall Stadium"", ""type"": ""Standard Admission"" },"
2669763,b1495964-0e7b-4fdb-bd5d-efb6bd24382b14,AC/DC,Jul 19 2026 • 7:00 PM,Lower Deck O,52,14,Camp Randall Stadium,"    { ""id"": ""b1495964-0e7b-4fdb-bd5d-efb6bd24382b14"", ""event"": ""AC/DC"", ""date"": ""Jul 19 2026 • 7:00 PM"", ""sec"": ""Lower Deck O"", ""row"": ""52"", ""seat"": ""14"", ""loc"": ""Camp Randall Stadium"", ""type"": ""Standard Admission"" },"
2669763,b1495964-0e7b-4fdb-bd5d-efb6bd24382b15,AC/DC,Jul 19 2026 • 7:00 PM,Lower Deck O,52,15,Camp Randall Stadium,"    { ""id"": ""b1495964-0e7b-4fdb-bd5d-efb6bd24382b15"", ""event"": ""AC/DC"", ""date"": ""Jul 19 2026 • 7:00 PM"", ""sec"": ""Lower Deck O"", ""row"": ""52"", ""seat"": ""15"", ""loc"": ""Camp Randall Stadium"", ""type"": ""Standard Admission"" },"
2671086,6b882359-3bff-4805-b3b6-4efd75b0dabf7,AC/DC,Jul 19 2026 • 7:00 PM,Lower Deck I,64,7,Camp Randall Stadium,"    { ""id"": ""6b882359-3bff-4805-b3b6-4efd75b0dabf7"", ""event"": ""AC/DC"", ""date"": ""Jul 19 2026 • 7:00 PM"", ""sec"": ""Lower Deck I"", ""row"": ""64"", ""seat"": ""7"", ""loc"": ""Camp Randall Stadium"", ""type"": ""Standard Admission"" },"
2671086,6b882359-3bff-4805-b3b6-4efd75b0dabf8,AC/DC,Jul 19 2026 • 7:00 PM,Lower Deck I,64,8,Camp Randall Stadium,"    { ""id"": ""6b882359-3bff-4805-b3b6-4efd75b0dabf8"", ""event"": ""AC/DC"", ""date"": ""Jul 19 2026 • 7:00 PM"", ""sec"": ""Lower Deck I"", ""row"": ""64"", ""seat"": ""8"", ""loc"": ""Camp Randall Stadium"", ""type"": ""Standard Admission"" },"
2671147,0bed08f8-860c-42d9-8e80-0da0eb36a4ce33,AC/DC,Jul 19 2026 • 7:00 PM,Lower Deck P,52,33,Camp Randall Stadium,"    { ""id"": ""0bed08f8-860c-42d9-8e80-0da0eb36a4ce33"", ""event"": ""AC/DC"", ""date"": ""Jul 19 2026 • 7:00 PM"", ""sec"": ""Lower Deck P"", ""row"": ""52"", ""seat"": ""33"", ""loc"": ""Camp Randall Stadium"", ""type"": ""Standard Admission"" },"
2671147,0bed08f8-860c-42d9-8e80-0da0eb36a4ce34,AC/DC,Jul 19 2026 • 7:00 PM,Lower Deck P,52,34,Camp Randall Stadium,"    { ""id"": ""0bed08f8-860c-42d9-8e80-0da0eb36a4ce34"", ""event"": ""AC/DC"", ""date"": ""Jul 19 2026 • 7:00 PM"", ""sec"": ""Lower Deck P"", ""row"": ""52"", ""seat"": ""34"", ""loc"": ""Camp Randall Stadium"", ""type"": ""Standard Admission"" },"
2671681,f216afca-7aae-4ba8-8137-afc2022c5a9b16,AC/DC,Jul 19 2026 • 7:00 PM,Lower Deck M,54,16,Camp Randall Stadium,"    { ""id"": ""f216afca-7aae-4ba8-8137-afc2022c5a9b16"", ""event"": ""AC/DC"", ""date"": ""Jul 19 2026 • 7:00 PM"", ""sec"": ""Lower Deck M"", ""row"": ""54"", ""seat"": ""16"", ""loc"": ""Camp Randall Stadium"", ""type"": ""Standard Admission"" },"
2671681,f216afca-7aae-4ba8-8137-afc2022c5a9b17,AC/DC,Jul 19 2026 • 7:00 PM,Lower Deck M,54,17,Camp Randall Stadium,"    { ""id"": ""f216afca-7aae-4ba8-8137-afc2022c5a9b17"", ""event"": ""AC/DC"", ""date"": ""Jul 19 2026 • 7:00 PM"", ""sec"": ""Lower Deck M"", ""row"": ""54"", ""seat"": ""17"", ""loc"": ""Camp Randall Stadium"", ""type"": ""Standard Admission"" },"
2671681,f216afca-7aae-4ba8-8137-afc2022c5a9b18,AC/DC,Jul 19 2026 • 7:00 PM,Lower Deck M,54,18,Camp Randall Stadium,"    { ""id"": ""f216afca-7aae-4ba8-8137-afc2022c5a9b18"", ""event"": ""AC/DC"", ""date"": ""Jul 19 2026 • 7:00 PM"", ""sec"": ""Lower Deck M"", ""row"": ""54"", ""seat"": ""18"", ""loc"": ""Camp Randall Stadium"", ""type"": ""Standard Admission"" },"
2671681,f216afca-7aae-4ba8-8137-afc2022c5a9b19,AC/DC,Jul 19 2026 • 7:00 PM,Lower Deck M,54,19,Camp Randall Stadium,"    { ""id"": ""f216afca-7aae-4ba8-8137-afc2022c5a9b19"", ""event"": ""AC/DC"", ""date"": ""Jul 19 2026 • 7:00 PM"", ""sec"": ""Lower Deck M"", ""row"": ""54"", ""seat"": ""19"", ""loc"": ""Camp Randall Stadium"", ""type"": ""Standard Admission"" },"
2672180,19fbc40b-9942-4b0e-9739-4657ca76854e5,AC/DC,Jul 19 2026 • 7:00 PM,Lower Deck I,64,5,Camp Randall Stadium,"    { ""id"": ""19fbc40b-9942-4b0e-9739-4657ca76854e5"", ""event"": ""AC/DC"", ""date"": ""Jul 19 2026 • 7:00 PM"", ""sec"": ""Lower Deck I"", ""row"": ""64"", ""seat"": ""5"", ""loc"": ""Camp Randall Stadium"", ""type"": ""Standard Admission"" },"
2672180,19fbc40b-9942-4b0e-9739-4657ca76854e6,AC/DC,Jul 19 2026 • 7:00 PM,Lower Deck I,64,6,Camp Randall Stadium,"    { ""id"": ""19fbc40b-9942-4b0e-9739-4657ca76854e6"", ""event"": ""AC/DC"", ""date"": ""Jul 19 2026 • 7:00 PM"", ""sec"": ""Lower Deck I"", ""row"": ""64"", ""seat"": ""6"", ""loc"": ""Camp Randall Stadium"", ""type"": ""Standard Admission"" },"
2673802,64105fbf-1676-452d-bbf5-a7e7b776957d13,AC/DC,Jul 19 2026 • 7:00 PM,Lower Deck J,51,13,Camp Randall Stadium,"    { ""id"": ""64105fbf-1676-452d-bbf5-a7e7b776957d13"", ""event"": ""AC/DC"", ""date"": ""Jul 19 2026 • 7:00 PM"", ""sec"": ""Lower Deck J"", ""row"": ""51"", ""seat"": ""13"", ""loc"": ""Camp Randall Stadium"", ""type"": ""Standard Admission"" },"
2673802,64105fbf-1676-452d-bbf5-a7e7b776957d14,AC/DC,Jul 19 2026 • 7:00 PM,Lower Deck J,51,14,Camp Randall Stadium,"    { ""id"": ""64105fbf-1676-452d-bbf5-a7e7b776957d14"", ""event"": ""AC/DC"", ""date"": ""Jul 19 2026 • 7:00 PM"", ""sec"": ""Lower Deck J"", ""row"": ""51"", ""seat"": ""14"", ""loc"": ""Camp Randall Stadium"", ""type"": ""Standard Admission"" },"
2673979,14b575e3-b7ae-4933-8e55-47a127d0f81e16,AC/DC,Jul 19 2026 • 7:00 PM,Lower Deck M,55,16,Camp Randall Stadium,"    { ""id"": ""14b575e3-b7ae-4933-8e55-47a127d0f81e16"", ""event"": ""AC/DC"", ""date"": ""Jul 19 2026 • 7:00 PM"", ""sec"": ""Lower Deck M"", ""row"": ""55"", ""seat"": ""16"", ""loc"": ""Camp Randall Stadium"", ""type"": ""Standard Admission"" },"
2673979,14b575e3-b7ae-4933-8e55-47a127d0f81e17,AC/DC,Jul 19 2026 • 7:00 PM,Lower Deck M,55,17,Camp Randall Stadium,"    { ""id"": ""14b575e3-b7ae-4933-8e55-47a127d0f81e17"", ""event"": ""AC/DC"", ""date"": ""Jul 19 2026 • 7:00 PM"", ""sec"": ""Lower Deck M"", ""row"": ""55"", ""seat"": ""17"", ""loc"": ""Camp Randall Stadium"", ""type"": ""Standard Admission"" },"
2674516,9b492e61-32a1-434a-b0b8-6d7b8ec9fc6c33,AC/DC,Jul 19 2026 • 7:00 PM,Lower Deck I,50,33,Camp Randall Stadium,"    { ""id"": ""9b492e61-32a1-434a-b0b8-6d7b8ec9fc6c33"", ""event"": ""AC/DC"", ""date"": ""Jul 19 2026 • 7:00 PM"", ""sec"": ""Lower Deck I"", ""row"": ""50"", ""seat"": ""33"", ""loc"": ""Camp Randall Stadium"", ""type"": ""Standard Admission"" },"
2674516,9b492e61-32a1-434a-b0b8-6d7b8ec9fc6c34,AC/DC,Jul 19 2026 • 7:00 PM,Lower Deck I,50,34,Camp Randall Stadium,"    { ""id"": ""9b492e61-32a1-434a-b0b8-6d7b8ec9fc6c34"", ""event"": ""AC/DC"", ""date"": ""Jul 19 2026 • 7:00 PM"", ""sec"": ""Lower Deck I"", ""row"": ""50"", ""seat"": ""34"", ""loc"": ""Camp Randall Stadium"", ""type"": ""Standard Admission"" },"
2675473,41c2c4aa-277a-472f-9c56-02410a28eecc17,AC/DC,Jul 19 2026 • 7:00 PM,Lower Deck N,52,17,Camp Randall Stadium,"    { ""id"": ""41c2c4aa-277a-472f-9c56-02410a28eecc17"", ""event"": ""AC/DC"", ""date"": ""Jul 19 2026 • 7:00 PM"", ""sec"": ""Lower Deck N"", ""row"": ""52"", ""seat"": ""17"", ""loc"": ""Camp Randall Stadium"", ""type"": ""Standard Admission"" },"
2675473,41c2c4aa-277a-472f-9c56-02410a28eecc18,AC/DC,Jul 19 2026 • 7:00 PM,Lower Deck N,52,18,Camp Randall Stadium,"    { ""id"": ""41c2c4aa-277a-472f-9c56-02410a28eecc18"", ""event"": ""AC/DC"", ""date"": ""Jul 19 2026 • 7:00 PM"", ""sec"": ""Lower Deck N"", ""row"": ""52"", ""seat"": ""18"", ""loc"": ""Camp Randall Stadium"", ""type"": ""Standard Admission"" },"
2677779,bff53c69-001a-4da9-86fd-7c3ce9c6f88d36,AC/DC,Jul 19 2026 • 7:00 PM,Lower Deck P,50,36,Camp Randall Stadium,"    { ""id"": ""bff53c69-001a-4da9-86fd-7c3ce9c6f88d36"", ""event"": ""AC/DC"", ""date"": ""Jul 19 2026 • 7:00 PM"", ""sec"": ""Lower Deck P"", ""row"": ""50"", ""seat"": ""36"", ""loc"": ""Camp Randall Stadium"", ""type"": ""Standard Admission"" },"
2677779,bff53c69-001a-4da9-86fd-7c3ce9c6f88d37,AC/DC,Jul 19 2026 • 7:00 PM,Lower Deck P,50,37,Camp Randall Stadium,"    { ""id"": ""bff53c69-001a-4da9-86fd-7c3ce9c6f88d37"", ""event"": ""AC/DC"", ""date"": ""Jul 19 2026 • 7:00 PM"", ""sec"": ""Lower Deck P"", ""row"": ""50"", ""seat"": ""37"", ""loc"": ""Camp Randall Stadium"", ""type"": ""Standard Admission"" },"
2677808,abcc750b-5c65-411a-86b4-c88d3eee22fb18,AC/DC,Jul 19 2026 • 7:00 PM,Lower Deck O,49,18,Camp Randall Stadium,"    { ""id"": ""abcc750b-5c65-411a-86b4-c88d3eee22fb18"", ""event"": ""AC/DC"", ""date"": ""Jul 19 2026 • 7:00 PM"", ""sec"": ""Lower Deck O"", ""row"": ""49"", ""seat"": ""18"", ""loc"": ""Camp Randall Stadium"", ""type"": ""Standard Admission"" },"
2677808,abcc750b-5c65-411a-86b4-c88d3eee22fb19,AC/DC,Jul 19 2026 • 7:00 PM,Lower Deck O,49,19,Camp Randall Stadium,"    { ""id"": ""abcc750b-5c65-411a-86b4-c88d3eee22fb19"", ""event"": ""AC/DC"", ""date"": ""Jul 19 2026 • 7:00 PM"", ""sec"": ""Lower Deck O"", ""row"": ""49"", ""seat"": ""19"", ""loc"": ""Camp Randall Stadium"", ""type"": ""Standard Admission"" },"
2677829,3ab333a5-d0dd-4a96-8ca6-727b81ddbdab27,AC/DC,Jul 19 2026 • 7:00 PM,Lower Deck P,49,27,Camp Randall Stadium,"    { ""id"": ""3ab333a5-d0dd-4a96-8ca6-727b81ddbdab27"", ""event"": ""AC/DC"", ""date"": ""Jul 19 2026 • 7:00 PM"", ""sec"": ""Lower Deck P"", ""row"": ""49"", ""seat"": ""27"", ""loc"": ""Camp Randall Stadium"", ""type"": ""Standard Admission"" },"
2677829,3ab333a5-d0dd-4a96-8ca6-727b81ddbdab28,AC/DC,Jul 19 2026 • 7:00 PM,Lower Deck P,49,28,Camp Randall Stadium,"    { ""id"": ""3ab333a5-d0dd-4a96-8ca6-727b81ddbdab28"", ""event"": ""AC/DC"", ""date"": ""Jul 19 2026 • 7:00 PM"", ""sec"": ""Lower Deck P"", ""row"": ""49"", ""seat"": ""28"", ""loc"": ""Camp Randall Stadium"", ""type"": ""Standard Admission"" },"
2677990,9a264b45-aa1d-49ad-a88d-207fdcba878a9,AC/DC,Jul 19 2026 • 7:00 PM,Lower Deck I,65,9,Camp Randall Stadium,"    { ""id"": ""9a264b45-aa1d-49ad-a88d-207fdcba878a9"", ""event"": ""AC/DC"", ""date"": ""Jul 19 2026 • 7:00 PM"", ""sec"": ""Lower Deck I"", ""row"": ""65"", ""seat"": ""9"", ""loc"": ""Camp Randall Stadium"", ""type"": ""Standard Admission"" },"
2677990,9a264b45-aa1d-49ad-a88d-207fdcba878a10,AC/DC,Jul 19 2026 • 7:00 PM,Lower Deck I,65,10,Camp Randall Stadium,"    { ""id"": ""9a264b45-aa1d-49ad-a88d-207fdcba878a10"", ""event"": ""AC/DC"", ""date"": ""Jul 19 2026 • 7:00 PM"", ""sec"": ""Lower Deck I"", ""row"": ""65"", ""seat"": ""10"", ""loc"": ""Camp Randall Stadium"", ""type"": ""Standard Admission"" },"
2677990,9a264b45-aa1d-49ad-a88d-207fdcba878a11,AC/DC,Jul 19 2026 • 7:00 PM,Lower Deck I,65,11,Camp Randall Stadium,"    { ""id"": ""9a264b45-aa1d-49ad-a88d-207fdcba878a11"", ""event"": ""AC/DC"", ""date"": ""Jul 19 2026 • 7:00 PM"", ""sec"": ""Lower Deck I"", ""row"": ""65"", ""seat"": ""11"", ""loc"": ""Camp Randall Stadium"", ""type"": ""Standard Admission"" },"
2677990,9a264b45-aa1d-49ad-a88d-207fdcba878a12,AC/DC,Jul 19 2026 • 7:00 PM,Lower Deck I,65,12,Camp Randall Stadium,"    { ""id"": ""9a264b45-aa1d-49ad-a88d-207fdcba878a12"", ""event"": ""AC/DC"", ""date"": ""Jul 19 2026 • 7:00 PM"", ""sec"": ""Lower Deck I"", ""row"": ""65"", ""seat"": ""12"", ""loc"": ""Camp Randall Stadium"", ""type"": ""Standard Admission"" },"
2710083,674dac69-252b-480c-82c8-1ea54c550d5b10,AC/DC,Jul 19 2026 • 7:00 PM,Lower Deck P,56,10,Camp Randall Stadium,"    { ""id"": ""674dac69-252b-480c-82c8-1ea54c550d5b10"", ""event"": ""AC/DC"", ""date"": ""Jul 19 2026 • 7:00 PM"", ""sec"": ""Lower Deck P"", ""row"": ""56"", ""seat"": ""10"", ""loc"": ""Camp Randall Stadium"", ""type"": ""Standard Admission"" },"
2710083,674dac69-252b-480c-82c8-1ea54c550d5b11,AC/DC,Jul 19 2026 • 7:00 PM,Lower Deck P,56,11,Camp Randall Stadium,"    { ""id"": ""674dac69-252b-480c-82c8-1ea54c550d5b11"", ""event"": ""AC/DC"", ""date"": ""Jul 19 2026 • 7:00 PM"", ""sec"": ""Lower Deck P"", ""row"": ""56"", ""seat"": ""11"", ""loc"": ""Camp Randall Stadium"", ""type"": ""Standard Admission"" },"
2711625,3440ce12-dbba-47c4-9d21-efe3ec3ded7f8,AC/DC,Jul 19 2026 • 7:00 PM,Lower Deck N,52,8,Camp Randall Stadium,"    { ""id"": ""3440ce12-dbba-47c4-9d21-efe3ec3ded7f8"", ""event"": ""AC/DC"", ""date"": ""Jul 19 2026 • 7:00 PM"", ""sec"": ""Lower Deck N"", ""row"": ""52"", ""seat"": ""8"", ""loc"": ""Camp Randall Stadium"", ""type"": ""Standard Admission"" },"
2711625,3440ce12-dbba-47c4-9d21-efe3ec3ded7f9,AC/DC,Jul 19 2026 • 7:00 PM,Lower Deck N,52,9,Camp Randall Stadium,"    { ""id"": ""3440ce12-dbba-47c4-9d21-efe3ec3ded7f9"", ""event"": ""AC/DC"", ""date"": ""Jul 19 2026 • 7:00 PM"", ""sec"": ""Lower Deck N"", ""row"": ""52"", ""seat"": ""9"", ""loc"": ""Camp Randall Stadium"", ""type"": ""Standard Admission"" },"
2711625,3440ce12-dbba-47c4-9d21-efe3ec3ded7f10,AC/DC,Jul 19 2026 • 7:00 PM,Lower Deck N,52,10,Camp Randall Stadium,"    { ""id"": ""3440ce12-dbba-47c4-9d21-efe3ec3ded7f10"", ""event"": ""AC/DC"", ""date"": ""Jul 19 2026 • 7:00 PM"", ""sec"": ""Lower Deck N"", ""row"": ""52"", ""seat"": ""10"", ""loc"": ""Camp Randall Stadium"", ""type"": ""Standard Admission"" },"
2763153,f81c7a09-dde9-492b-b616-f23ea7b06cef26,AC/DC,Jul 19 2026 • 7:00 PM,Lower Deck O,53,26,Camp Randall Stadium,"    { ""id"": ""f81c7a09-dde9-492b-b616-f23ea7b06cef26"", ""event"": ""AC/DC"", ""date"": ""Jul 19 2026 • 7:00 PM"", ""sec"": ""Lower Deck O"", ""row"": ""53"", ""seat"": ""26"", ""loc"": ""Camp Randall Stadium"", ""type"": ""Standard Admission"" },"
2763153,f81c7a09-dde9-492b-b616-f23ea7b06cef27,AC/DC,Jul 19 2026 • 7:00 PM,Lower Deck O,53,27,Camp Randall Stadium,"    { ""id"": ""f81c7a09-dde9-492b-b616-f23ea7b06cef27"", ""event"": ""AC/DC"", ""date"": ""Jul 19 2026 • 7:00 PM"", ""sec"": ""Lower Deck O"", ""row"": ""53"", ""seat"": ""27"", ""loc"": ""Camp Randall Stadium"", ""type"": ""Standard Admission"" },"
2763229,25e22b04-bfb1-4f6e-b828-53942202d6dc11,AC/DC,Jul 19 2026 • 7:00 PM,Lower Deck M,57,11,Camp Randall Stadium,"    { ""id"": ""25e22b04-bfb1-4f6e-b828-53942202d6dc11"", ""event"": ""AC/DC"", ""date"": ""Jul 19 2026 • 7:00 PM"", ""sec"": ""Lower Deck M"", ""row"": ""57"", ""seat"": ""11"", ""loc"": ""Camp Randall Stadium"", ""type"": ""Standard Admission"" },"
2763229,25e22b04-bfb1-4f6e-b828-53942202d6dc12,AC/DC,Jul 19 2026 • 7:00 PM,Lower Deck M,57,12,Camp Randall Stadium,"    { ""id"": ""25e22b04-bfb1-4f6e-b828-53942202d6dc12"", ""event"": ""AC/DC"", ""date"": ""Jul 19 2026 • 7:00 PM"", ""sec"": ""Lower Deck M"", ""row"": ""57"", ""seat"": ""12"", ""loc"": ""Camp Randall Stadium"", ""type"": ""Standard Admission"" },"
2833428,af27abdc-fa75-497c-a64d-ecbfe941877a15,AC/DC,Jul 19 2026 • 7:00 PM,Lower Deck I,68,15,Camp Randall Stadium,"    { ""id"": ""af27abdc-fa75-497c-a64d-ecbfe941877a15"", ""event"": ""AC/DC"", ""date"": ""Jul 19 2026 • 7:00 PM"", ""sec"": ""Lower Deck I"", ""row"": ""68"", ""seat"": ""15"", ""loc"": ""Camp Randall Stadium"", ""type"": ""Standard Admission"" },"
2833428,af27abdc-fa75-497c-a64d-ecbfe941877a16,AC/DC,Jul 19 2026 • 7:00 PM,Lower Deck I,68,16,Camp Randall Stadium,"    { ""id"": ""af27abdc-fa75-497c-a64d-ecbfe941877a16"", ""event"": ""AC/DC"", ""date"": ""Jul 19 2026 • 7:00 PM"", ""sec"": ""Lower Deck I"", ""row"": ""68"", ""seat"": ""16"", ""loc"": ""Camp Randall Stadium"", ""type"": ""Standard Admission"" },"
51224435,fd5e397d-40b9-473d-862e-19958779291a19,AC/DC,Jul 19 2026 • 7:00 PM,Lower Deck L,59,19,Camp Randall Stadium,"    { ""id"": ""fd5e397d-40b9-473d-862e-19958779291a19"", ""event"": ""AC/DC"", ""date"": ""Jul 19 2026 • 7:00 PM"", ""sec"": ""Lower Deck L"", ""row"": ""59"", ""seat"": ""19"", ""loc"": ""Camp Randall Stadium"", ""type"": ""Standard Admission"" },"
51224435,fd5e397d-40b9-473d-862e-19958779291a20,AC/DC,Jul 19 2026 • 7:00 PM,Lower Deck L,59,20,Camp Randall Stadium,"    { ""id"": ""fd5e397d-40b9-473d-862e-19958779291a20"", ""event"": ""AC/DC"", ""date"": ""Jul 19 2026 • 7:00 PM"", ""sec"": ""Lower Deck L"", ""row"": ""59"", ""seat"": ""20"", ""loc"": ""Camp Randall Stadium"", ""type"": ""Standard Admission"" },"
51226615,4424d6b8-1885-4371-b080-60ebf3f919df8,AC/DC,Jul 19 2026 • 7:00 PM,Lower Deck L,59,8,Camp Randall Stadium,"    { ""id"": ""4424d6b8-1885-4371-b080-60ebf3f919df8"", ""event"": ""AC/DC"", ""date"": ""Jul 19 2026 • 7:00 PM"", ""sec"": ""Lower Deck L"", ""row"": ""59"", ""seat"": ""8"", ""loc"": ""Camp Randall Stadium"", ""type"": ""Standard Admission"" },"
51226615,4424d6b8-1885-4371-b080-60ebf3f919df9,AC/DC,Jul 19 2026 • 7:00 PM,Lower Deck L,59,9,Camp Randall Stadium,"    { ""id"": ""4424d6b8-1885-4371-b080-60ebf3f919df9"", ""event"": ""AC/DC"", ""date"": ""Jul 19 2026 • 7:00 PM"", ""sec"": ""Lower Deck L"", ""row"": ""59"", ""seat"": ""9"", ""loc"": ""Camp Randall Stadium"", ""type"": ""Standard Admission"" },"
51227479,848ababe-074d-4359-981f-7fcdaecdc80b6,AC/DC,Jul 19 2026 • 7:00 PM,Lower Deck L,59,6,Camp Randall Stadium,"    { ""id"": ""848ababe-074d-4359-981f-7fcdaecdc80b6"", ""event"": ""AC/DC"", ""date"": ""Jul 19 2026 • 7:00 PM"", ""sec"": ""Lower Deck L"", ""row"": ""59"", ""seat"": ""6"", ""loc"": ""Camp Randall Stadium"", ""type"": ""Standard Admission"" },"
51227479,848ababe-074d-4359-981f-7fcdaecdc80b7,AC/DC,Jul 19 2026 • 7:00 PM,Lower Deck L,59,7,Camp Randall Stadium,"    { ""id"": ""848ababe-074d-4359-981f-7fcdaecdc80b7"", ""event"": ""AC/DC"", ""date"": ""Jul 19 2026 • 7:00 PM"", ""sec"": ""Lower Deck L"", ""row"": ""59"", ""seat"": ""7"", ""loc"": ""Camp Randall Stadium"", ""type"": ""Standard Admission"" },"
51237293,ba16e8e0-adf9-418a-9155-fd687effdeaf31,AC/DC,Jul 19 2026 • 7:00 PM,Lower Deck P,53,31,Camp Randall Stadium,"    { ""id"": ""ba16e8e0-adf9-418a-9155-fd687effdeaf31"", ""event"": ""AC/DC"", ""date"": ""Jul 19 2026 • 7:00 PM"", ""sec"": ""Lower Deck P"", ""row"": ""53"", ""seat"": ""31"", ""loc"": ""Camp Randall Stadium"", ""type"": ""Standard Admission"" },"
51237293,ba16e8e0-adf9-418a-9155-fd687effdeaf32,AC/DC,Jul 19 2026 • 7:00 PM,Lower Deck P,53,32,Camp Randall Stadium,"    { ""id"": ""ba16e8e0-adf9-418a-9155-fd687effdeaf32"", ""event"": ""AC/DC"", ""date"": ""Jul 19 2026 • 7:00 PM"", ""sec"": ""Lower Deck P"", ""row"": ""53"", ""seat"": ""32"", ""loc"": ""Camp Randall Stadium"", ""type"": ""Standard Admission"" },"
51237293,ba16e8e0-adf9-418a-9155-fd687effdeaf33,AC/DC,Jul 19 2026 • 7:00 PM,Lower Deck P,53,33,Camp Randall Stadium,"    { ""id"": ""ba16e8e0-adf9-418a-9155-fd687effdeaf33"", ""event"": ""AC/DC"", ""date"": ""Jul 19 2026 • 7:00 PM"", ""sec"": ""Lower Deck P"", ""row"": ""53"", ""seat"": ""33"", ""loc"": ""Camp Randall Stadium"", ""type"": ""Standard Admission"" },"
51237293,ba16e8e0-adf9-418a-9155-fd687effdeaf34,AC/DC,Jul 19 2026 • 7:00 PM,Lower Deck P,53,34,Camp Randall Stadium,"    { ""id"": ""ba16e8e0-adf9-418a-9155-fd687effdeaf34"", ""event"": ""AC/DC"", ""date"": ""Jul 19 2026 • 7:00 PM"", ""sec"": ""Lower Deck P"", ""row"": ""53"", ""seat"": ""34"", ""loc"": ""Camp Randall Stadium"", ""type"": ""Standard Admission"" },"
51266646,ad5424f1-36f5-42c8-a88b-136599ff9b4e21,AC/DC,Jul 19 2026 • 7:00 PM,Lower Deck L,59,21,Camp Randall Stadium,"    { ""id"": ""ad5424f1-36f5-42c8-a88b-136599ff9b4e21"", ""event"": ""AC/DC"", ""date"": ""Jul 19 2026 • 7:00 PM"", ""sec"": ""Lower Deck L"", ""row"": ""59"", ""seat"": ""21"", ""loc"": ""Camp Randall Stadium"", ""type"": ""Standard Admission"" },"
51266646,ad5424f1-36f5-42c8-a88b-136599ff9b4e22,AC/DC,Jul 19 2026 • 7:00 PM,Lower Deck L,59,22,Camp Randall Stadium,"    { ""id"": ""ad5424f1-36f5-42c8-a88b-136599ff9b4e22"", ""event"": ""AC/DC"", ""date"": ""Jul 19 2026 • 7:00 PM"", ""sec"": ""Lower Deck L"", ""row"": ""59"", ""seat"": ""22"", ""loc"": ""Camp Randall Stadium"", ""type"": ""Standard Admission"" },"
51266646,ad5424f1-36f5-42c8-a88b-136599ff9b4e23,AC/DC,Jul 19 2026 • 7:00 PM,Lower Deck L,59,23,Camp Randall Stadium,"    { ""id"": ""ad5424f1-36f5-42c8-a88b-136599ff9b4e23"", ""event"": ""AC/DC"", ""date"": ""Jul 19 2026 • 7:00 PM"", ""sec"": ""Lower Deck L"", ""row"": ""59"", ""seat"": ""23"", ""loc"": ""Camp Randall Stadium"", ""type"": ""Standard Admission"" },"
51266646,ad5424f1-36f5-42c8-a88b-136599ff9b4e24,AC/DC,Jul 19 2026 • 7:00 PM,Lower Deck L,59,24,Camp Randall Stadium,"    { ""id"": ""ad5424f1-36f5-42c8-a88b-136599ff9b4e24"", ""event"": ""AC/DC"", ""date"": ""Jul 19 2026 • 7:00 PM"", ""sec"": ""Lower Deck L"", ""row"": ""59"", ""seat"": ""24"", ""loc"": ""Camp Randall Stadium"", ""type"": ""Standard Admission"" },"
76524729,7818afa1-a9e7-406f-a15e-93ab65d681ba38,AC/DC,Jul 19 2026 • 7:00 PM,Lower Deck P,49,38,Camp Randall Stadium,"    { ""id"": ""7818afa1-a9e7-406f-a15e-93ab65d681ba38"", ""event"": ""AC/DC"", ""date"": ""Jul 19 2026 • 7:00 PM"", ""sec"": ""Lower Deck P"", ""row"": ""49"", ""seat"": ""38"", ""loc"": ""Camp Randall Stadium"", ""type"": ""Standard Admission"" },"
76524729,7818afa1-a9e7-406f-a15e-93ab65d681ba39,AC/DC,Jul 19 2026 • 7:00 PM,Lower Deck P,49,39,Camp Randall Stadium,"    { ""id"": ""7818afa1-a9e7-406f-a15e-93ab65d681ba39"", ""event"": ""AC/DC"", ""date"": ""Jul 19 2026 • 7:00 PM"", ""sec"": ""Lower Deck P"", ""row"": ""49"", ""seat"": ""39"", ""loc"": ""Camp Randall Stadium"", ""type"": ""Standard Admission"" },"
76524729,7818afa1-a9e7-406f-a15e-93ab65d681ba40,AC/DC,Jul 19 2026 • 7:00 PM,Lower Deck P,49,40,Camp Randall Stadium,"    { ""id"": ""7818afa1-a9e7-406f-a15e-93ab65d681ba40"", ""event"": ""AC/DC"", ""date"": ""Jul 19 2026 • 7:00 PM"", ""sec"": ""Lower Deck P"", ""row"": ""49"", ""seat"": ""40"", ""loc"": ""Camp Randall Stadium"", ""type"": ""Standard Admission"" },"
76524729,7818afa1-a9e7-406f-a15e-93ab65d681ba41,AC/DC,Jul 19 2026 • 7:00 PM,Lower Deck P,49,41,Camp Randall Stadium,"    { ""id"": ""7818afa1-a9e7-406f-a15e-93ab65d681ba41"", ""event"": ""AC/DC"", ""date"": ""Jul 19 2026 • 7:00 PM"", ""sec"": ""Lower Deck P"", ""row"": ""49"", ""seat"": ""41"", ""loc"": ""Camp Randall Stadium"", ""type"": ""Standard Admission"" },"
76524889,6c4988d5-e399-4b72-a350-c9b3f64bea4b25,AC/DC,Jul 19 2026 • 7:00 PM,Lower Deck I,51,25,Camp Randall Stadium,"    { ""id"": ""6c4988d5-e399-4b72-a350-c9b3f64bea4b25"", ""event"": ""AC/DC"", ""date"": ""Jul 19 2026 • 7:00 PM"", ""sec"": ""Lower Deck I"", ""row"": ""51"", ""seat"": ""25"", ""loc"": ""Camp Randall Stadium"", ""type"": ""Standard Admission"" },"
76524889,6c4988d5-e399-4b72-a350-c9b3f64bea4b26,AC/DC,Jul 19 2026 • 7:00 PM,Lower Deck I,51,26,Camp Randall Stadium,"    { ""id"": ""6c4988d5-e399-4b72-a350-c9b3f64bea4b26"", ""event"": ""AC/DC"", ""date"": ""Jul 19 2026 • 7:00 PM"", ""sec"": ""Lower Deck I"", ""row"": ""51"", ""seat"": ""26"", ""loc"": ""Camp Randall Stadium"", ""type"": ""Standard Admission"" },"
76528065,5be033cf-0a69-4e2f-804a-4b1045dfb76f21,AC/DC,Jul 19 2026 • 7:00 PM,Lower Deck N,52,21,Camp Randall Stadium,"    { ""id"": ""5be033cf-0a69-4e2f-804a-4b1045dfb76f21"", ""event"": ""AC/DC"", ""date"": ""Jul 19 2026 • 7:00 PM"", ""sec"": ""Lower Deck N"", ""row"": ""52"", ""seat"": ""21"", ""loc"": ""Camp Randall Stadium"", ""type"": ""Standard Admission"" },"
76528065,5be033cf-0a69-4e2f-804a-4b1045dfb76f22,AC/DC,Jul 19 2026 • 7:00 PM,Lower Deck N,52,22,Camp Randall Stadium,"    { ""id"": ""5be033cf-0a69-4e2f-804a-4b1045dfb76f22"", ""event"": ""AC/DC"", ""date"": ""Jul 19 2026 • 7:00 PM"", ""sec"": ""Lower Deck N"", ""row"": ""52"", ""seat"": ""22"", ""loc"": ""Camp Randall Stadium"", ""type"": ""Standard Admission"" },"
76529859,e0c7e974-0c30-4772-8e29-da885ca991be42,AC/DC,Jul 19 2026 • 7:00 PM,Lower Deck L,56,42,Camp Randall Stadium,"    { ""id"": ""e0c7e974-0c30-4772-8e29-da885ca991be42"", ""event"": ""AC/DC"", ""date"": ""Jul 19 2026 • 7:00 PM"", ""sec"": ""Lower Deck L"", ""row"": ""56"", ""seat"": ""42"", ""loc"": ""Camp Randall Stadium"", ""type"": ""Standard Admission"" },"
76529859,e0c7e974-0c30-4772-8e29-da885ca991be43,AC/DC,Jul 19 2026 • 7:00 PM,Lower Deck L,56,43,Camp Randall Stadium,"    { ""id"": ""e0c7e974-0c30-4772-8e29-da885ca991be43"", ""event"": ""AC/DC"", ""date"": ""Jul 19 2026 • 7:00 PM"", ""sec"": ""Lower Deck L"", ""row"": ""56"", ""seat"": ""43"", ""loc"": ""Camp Randall Stadium"", ""type"": ""Standard Admission"" },"
76529950,717c5249-da8b-49e4-adf4-dda381413fde25,AC/DC,Jul 19 2026 • 7:00 PM,Lower Deck I,62,25,Camp Randall Stadium,"    { ""id"": ""717c5249-da8b-49e4-adf4-dda381413fde25"", ""event"": ""AC/DC"", ""date"": ""Jul 19 2026 • 7:00 PM"", ""sec"": ""Lower Deck I"", ""row"": ""62"", ""seat"": ""25"", ""loc"": ""Camp Randall Stadium"", ""type"": ""Standard Admission"" },"
76529950,717c5249-da8b-49e4-adf4-dda381413fde26,AC/DC,Jul 19 2026 • 7:00 PM,Lower Deck I,62,26,Camp Randall Stadium,"    { ""id"": ""717c5249-da8b-49e4-adf4-dda381413fde26"", ""event"": ""AC/DC"", ""date"": ""Jul 19 2026 • 7:00 PM"", ""sec"": ""Lower Deck I"", ""row"": ""62"", ""seat"": ""26"", ""loc"": ""Camp Randall Stadium"", ""type"": ""Standard Admission"" },"
76529950,717c5249-da8b-49e4-adf4-dda381413fde27,AC/DC,Jul 19 2026 • 7:00 PM,Lower Deck I,62,27,Camp Randall Stadium,"    { ""id"": ""717c5249-da8b-49e4-adf4-dda381413fde27"", ""event"": ""AC/DC"", ""date"": ""Jul 19 2026 • 7:00 PM"", ""sec"": ""Lower Deck I"", ""row"": ""62"", ""seat"": ""27"", ""loc"": ""Camp Randall Stadium"", ""type"": ""Standard Admission"" },"
76529950,717c5249-da8b-49e4-adf4-dda381413fde28,AC/DC,Jul 19 2026 • 7:00 PM,Lower Deck I,62,28,Camp Randall Stadium,"    { ""id"": ""717c5249-da8b-49e4-adf4-dda381413fde28"", ""event"": ""AC/DC"", ""date"": ""Jul 19 2026 • 7:00 PM"", ""sec"": ""Lower Deck I"", ""row"": ""62"", ""seat"": ""28"", ""loc"": ""Camp Randall Stadium"", ""type"": ""Standard Admission"" },"
76535139,9042aee1-8a70-4669-8a1d-935d42c029ef18,AC/DC,Jul 19 2026 • 7:00 PM,Lower Deck M,55,18,Camp Randall Stadium,"    { ""id"": ""9042aee1-8a70-4669-8a1d-935d42c029ef18"", ""event"": ""AC/DC"", ""date"": ""Jul 19 2026 • 7:00 PM"", ""sec"": ""Lower Deck M"", ""row"": ""55"", ""seat"": ""18"", ""loc"": ""Camp Randall Stadium"", ""type"": ""Standard Admission"" },"
76535139,9042aee1-8a70-4669-8a1d-935d42c029ef19,AC/DC,Jul 19 2026 • 7:00 PM,Lower Deck M,55,19,Camp Randall Stadium,"    { ""id"": ""9042aee1-8a70-4669-8a1d-935d42c029ef19"", ""event"": ""AC/DC"", ""date"": ""Jul 19 2026 • 7:00 PM"", ""sec"": ""Lower Deck M"", ""row"": ""55"", ""seat"": ""19"", ""loc"": ""Camp Randall Stadium"", ""type"": ""Standard Admission"" },"
76537052,091b8ed4-bba6-4174-8f56-ea00107c459c31,AC/DC,Jul 19 2026 • 7:00 PM,Lower Deck P,52,31,Camp Randall Stadium,"    { ""id"": ""091b8ed4-bba6-4174-8f56-ea00107c459c31"", ""event"": ""AC/DC"", ""date"": ""Jul 19 2026 • 7:00 PM"", ""sec"": ""Lower Deck P"", ""row"": ""52"", ""seat"": ""31"", ""loc"": ""Camp Randall Stadium"", ""type"": ""Standard Admission"" },"
76537052,091b8ed4-bba6-4174-8f56-ea00107c459c32,AC/DC,Jul 19 2026 • 7:00 PM,Lower Deck P,52,32,Camp Randall Stadium,"    { ""id"": ""091b8ed4-bba6-4174-8f56-ea00107c459c32"", ""event"": ""AC/DC"", ""date"": ""Jul 19 2026 • 7:00 PM"", ""sec"": ""Lower Deck P"", ""row"": ""52"", ""seat"": ""32"", ""loc"": ""Camp Randall Stadium"", ""type"": ""Standard Admission"" },"
76544880,5205e765-6953-4d9c-bf78-d0c6918e9a7d16,AC/DC,Jul 19 2026 • 7:00 PM,Lower Deck K,53,16,Camp Randall Stadium,"    { ""id"": ""5205e765-6953-4d9c-bf78-d0c6918e9a7d16"", ""event"": ""AC/DC"", ""date"": ""Jul 19 2026 • 7:00 PM"", ""sec"": ""Lower Deck K"", ""row"": ""53"", ""seat"": ""16"", ""loc"": ""Camp Randall Stadium"", ""type"": ""Standard Admission"" },"
76544880,5205e765-6953-4d9c-bf78-d0c6918e9a7d17,AC/DC,Jul 19 2026 • 7:00 PM,Lower Deck K,53,17,Camp Randall Stadium,"    { ""id"": ""5205e765-6953-4d9c-bf78-d0c6918e9a7d17"", ""event"": ""AC/DC"", ""date"": ""Jul 19 2026 • 7:00 PM"", ""sec"": ""Lower Deck K"", ""row"": ""53"", ""seat"": ""17"", ""loc"": ""Camp Randall Stadium"", ""type"": ""Standard Admission"" },"
76544880,5205e765-6953-4d9c-bf78-d0c6918e9a7d18,AC/DC,Jul 19 2026 • 7:00 PM,Lower Deck K,53,18,Camp Randall Stadium,"    { ""id"": ""5205e765-6953-4d9c-bf78-d0c6918e9a7d18"", ""event"": ""AC/DC"", ""date"": ""Jul 19 2026 • 7:00 PM"", ""sec"": ""Lower Deck K"", ""row"": ""53"", ""seat"": ""18"", ""loc"": ""Camp Randall Stadium"", ""type"": ""Standard Admission"" },"
76544880,5205e765-6953-4d9c-bf78-d0c6918e9a7d19,AC/DC,Jul 19 2026 • 7:00 PM,Lower Deck K,53,19,Camp Randall Stadium,"    { ""id"": ""5205e765-6953-4d9c-bf78-d0c6918e9a7d19"", ""event"": ""AC/DC"", ""date"": ""Jul 19 2026 • 7:00 PM"", ""sec"": ""Lower Deck K"", ""row"": ""53"", ""seat"": ""19"", ""loc"": ""Camp Randall Stadium"", ""type"": ""Standard Admission"" },"
76552239,90a47b0f-2314-4a59-875d-b457901208ea31,AC/DC,Jul 19 2026 • 7:00 PM,Lower Deck P,55,31,Camp Randall Stadium,"    { ""id"": ""90a47b0f-2314-4a59-875d-b457901208ea31"", ""event"": ""AC/DC"", ""date"": ""Jul 19 2026 • 7:00 PM"", ""sec"": ""Lower Deck P"", ""row"": ""55"", ""seat"": ""31"", ""loc"": ""Camp Randall Stadium"", ""type"": ""Standard Admission"" },"
76552239,90a47b0f-2314-4a59-875d-b457901208ea32,AC/DC,Jul 19 2026 • 7:00 PM,Lower Deck P,55,32,Camp Randall Stadium,"    { ""id"": ""90a47b0f-2314-4a59-875d-b457901208ea32"", ""event"": ""AC/DC"", ""date"": ""Jul 19 2026 • 7:00 PM"", ""sec"": ""Lower Deck P"", ""row"": ""55"", ""seat"": ""32"", ""loc"": ""Camp Randall Stadium"", ""type"": ""Standard Admission"" },"
76558690,392d9fea-a2ec-4890-bb2b-116ba1ae045c24,AC/DC,Jul 19 2026 • 7:00 PM,Lower Deck L,58,24,Camp Randall Stadium,"    { ""id"": ""392d9fea-a2ec-4890-bb2b-116ba1ae045c24"", ""event"": ""AC/DC"", ""date"": ""Jul 19 2026 • 7:00 PM"", ""sec"": ""Lower Deck L"", ""row"": ""58"", ""seat"": ""24"", ""loc"": ""Camp Randall Stadium"", ""type"": ""Standard Admission"" },"
76558690,392d9fea-a2ec-4890-bb2b-116ba1ae045c25,AC/DC,Jul 19 2026 • 7:00 PM,Lower Deck L,58,25,Camp Randall Stadium,"    { ""id"": ""392d9fea-a2ec-4890-bb2b-116ba1ae045c25"", ""event"": ""AC/DC"", ""date"": ""Jul 19 2026 • 7:00 PM"", ""sec"": ""Lower Deck L"", ""row"": ""58"", ""seat"": ""25"", ""loc"": ""Camp Randall Stadium"", ""type"": ""Standard Admission"" },"
76558690,392d9fea-a2ec-4890-bb2b-116ba1ae045c26,AC/DC,Jul 19 2026 • 7:00 PM,Lower Deck L,58,26,Camp Randall Stadium,"    { ""id"": ""392d9fea-a2ec-4890-bb2b-116ba1ae045c26"", ""event"": ""AC/DC"", ""date"": ""Jul 19 2026 • 7:00 PM"", ""sec"": ""Lower Deck L"", ""row"": ""58"", ""seat"": ""26"", ""loc"": ""Camp Randall Stadium"", ""type"": ""Standard Admission"" },"
76558690,392d9fea-a2ec-4890-bb2b-116ba1ae045c27,AC/DC,Jul 19 2026 • 7:00 PM,Lower Deck L,58,27,Camp Randall Stadium,"    { ""id"": ""392d9fea-a2ec-4890-bb2b-116ba1ae045c27"", ""event"": ""AC/DC"", ""date"": ""Jul 19 2026 • 7:00 PM"", ""sec"": ""Lower Deck L"", ""row"": ""58"", ""seat"": ""27"", ""loc"": ""Camp Randall Stadium"", ""type"": ""Standard Admission"" },"
6r36tnrkekv,500c8831-f3cf-4818-a647-24cf79e57d8a3,AC/DC,Jul 19 2026 • 7:00 PM,GENERAL ADMISSION PIT,GA,3,Camp Randall Stadium,"    { ""id"": ""500c8831-f3cf-4818-a647-24cf79e57d8a3"", ""event"": ""AC/DC"", ""date"": ""Jul 19 2026 • 7:00 PM"", ""sec"": ""GENERAL ADMISSION PIT"", ""row"": ""GA"", ""seat"": ""3"", ""loc"": ""Camp Randall Stadium"", ""type"": ""Standard Admission"" },"
6r36tnrkekv,500c8831-f3cf-4818-a647-24cf79e57d8a4,AC/DC,Jul 19 2026 • 7:00 PM,GENERAL ADMISSION PIT,GA,4,Camp Randall Stadium,"    { ""id"": ""500c8831-f3cf-4818-a647-24cf79e57d8a4"", ""event"": ""AC/DC"", ""date"": ""Jul 19 2026 • 7:00 PM"", ""sec"": ""GENERAL ADMISSION PIT"", ""row"": ""GA"", ""seat"": ""4"", ""loc"": ""Camp Randall Stadium"", ""type"": ""Standard Admission"" },"
7kplt256yge,b7b6bda9-7b62-47be-9a47-ee5e8dcbb86d43,AC/DC,Jul 19 2026 • 7:00 PM,Lower Deck I,50,43,Camp Randall Stadium,"    { ""id"": ""b7b6bda9-7b62-47be-9a47-ee5e8dcbb86d43"", ""event"": ""AC/DC"", ""date"": ""Jul 19 2026 • 7:00 PM"", ""sec"": ""Lower Deck I"", ""row"": ""50"", ""seat"": ""43"", ""loc"": ""Camp Randall Stadium"", ""type"": ""Standard Admission"" },"
7kplt256yge,b7b6bda9-7b62-47be-9a47-ee5e8dcbb86d44,AC/DC,Jul 19 2026 • 7:00 PM,Lower Deck I,50,44,Camp Randall Stadium,"    { ""id"": ""b7b6bda9-7b62-47be-9a47-ee5e8dcbb86d44"", ""event"": ""AC/DC"", ""date"": ""Jul 19 2026 • 7:00 PM"", ""sec"": ""Lower Deck I"", ""row"": ""50"", ""seat"": ""44"", ""loc"": ""Camp Randall Stadium"", ""type"": ""Standard Admission"" },"
628527827,70797e48-3aff-4a0f-998c-4d4a1bd9800c17,AC/DC,Jul 19 2026 • 7:00 PM,Lower Deck L,59,17,Camp Randall Stadium,"    { ""id"": ""b7b6bda9-7b62-47be-9a47-ee5e8dcbb86d44"", ""event"": ""AC/DC"", ""date"": ""Jul 19 2026 • 7:00 PM"", ""sec"": ""Lower Deck I"", ""row"": ""50"", ""seat"": ""44"", ""loc"": ""Camp Randall Stadium"", ""type"": ""Standard Admission"" },"
628527827,70797e48-3aff-4a0f-998c-4d4a1bd9800c18,AC/DC,Jul 19 2026 • 7:00 PM,Lower Deck L,59,18,Camp Randall Stadium,"    { ""id"": ""b7b6bda9-7b62-47be-9a47-ee5e8dcbb86d44"", ""event"": ""AC/DC"", ""date"": ""Jul 19 2026 • 7:00 PM"", ""sec"": ""Lower Deck I"", ""row"": ""50"", ""seat"": ""44"", ""loc"": ""Camp Randall Stadium"", ""type"": ""Standard Admission"" },"
vdgmfq3wvre,b8a06afe-125a-47fd-a0f3-adbc36cea8ef40,AC/DC,Jul 19 2026 • 7:00 PM,Lower Deck I,64,40,Camp Randall Stadium,"    { ""id"": ""b7b6bda9-7b62-47be-9a47-ee5e8dcbb86d44"", ""event"": ""AC/DC"", ""date"": ""Jul 19 2026 • 7:00 PM"", ""sec"": ""Lower Deck I"", ""row"": ""50"", ""seat"": ""44"", ""loc"": ""Camp Randall Stadium"", ""type"": ""Standard Admission"" },"
vdgmfq3wvre,b8a06afe-125a-47fd-a0f3-adbc36cea8ef41,AC/DC,Jul 19 2026 • 7:00 PM,Lower Deck I,64,41,Camp Randall Stadium,"    { ""id"": ""b7b6bda9-7b62-47be-9a47-ee5e8dcbb86d44"", ""event"": ""AC/DC"", ""date"": ""Jul 19 2026 • 7:00 PM"", ""sec"": ""Lower Deck I"", ""row"": ""50"", ""seat"": ""44"", ""loc"": ""Camp Randall Stadium"", ""type"": ""Standard Admission"" },"
vdgmfq3wvre,b8a06afe-125a-47fd-a0f3-adbc36cea8ef42,AC/DC,Jul 19 2026 • 7:00 PM,Lower Deck I,64,42,Camp Randall Stadium,"    { ""id"": ""b7b6bda9-7b62-47be-9a47-ee5e8dcbb86d44"", ""event"": ""AC/DC"", ""date"": ""Jul 19 2026 • 7:00 PM"", ""sec"": ""Lower Deck I"", ""row"": ""50"", ""seat"": ""44"", ""loc"": ""Camp Randall Stadium"", ""type"": ""Standard Admission"" },"
vdgmfq3wvre,b8a06afe-125a-47fd-a0f3-adbc36cea8ef43,AC/DC,Jul 19 2026 • 7:00 PM,Lower Deck I,64,43,Camp Randall Stadium,"    { ""id"": ""b7b6bda9-7b62-47be-9a47-ee5e8dcbb86d44"", ""event"": ""AC/DC"", ""date"": ""Jul 19 2026 • 7:00 PM"", ""sec"": ""Lower Deck I"", ""row"": ""50"", ""seat"": ""44"", ""loc"": ""Camp Randall Stadium"", ""type"": ""Standard Admission"" },"
